رقم الطلب,التاريخ,المتجر,العميل,المدينة,طريقة الدفع,الحالة,عدد القطع,المنتجات قبل الخصم,الخصم,الشحن المحصّل,الإجمالي شامل الضريبة,ضريبة القيمة المضافة,الصافي بدون ضريبة,تكلفة البضاعة,تكلفة الشحن,رسوم الدفع,الربح التقديري
104520,2026-08-31,سموذ,عبير المالكي,الرياض,مدى,تم التسليم,3,375,0,0,375,48.91,326.09,122,12.48,3.75,187.86
104519,2026-08-31,سموذ,شهد السبيعي,جدة,مدى,تم التسليم,2,150,0,25,175,22.83,152.17,44,19.0,1.75,87.42
104518,2026-08-31,سموذ,منيرة المطيري,الرياض,تمارا,تم التسليم,1,95,19,25,101,13.17,87.83,30,16.0,6.57,35.26
104517,2026-08-31,سموذ,محمد المالكي,الرياض,تمارا,تم التسليم,3,325,32,0,293,38.22,254.78,108,16.0,19.05,111.74
104516,2026-08-31,سموذ,لمى القحطاني,الرياض,الدفع عند الاستلام,ملغي,2,160,0,25,185,0,0,0,0,0,0
104515,2026-08-31,سموذ,تركي المالكي,الدمام,الدفع عند الاستلام,تم التسليم,4,410,0,0,410,53.48,356.52,134,19.0,12.0,191.52
104514,2026-08-31,سموذ,عبدالله الرشيدي,الرياض,مدى,ملغي,1,75,0,25,100,0,0,0,0,0,0
104513,2026-08-31,سموذ,ماجد العتيبي,الخبر,Apple Pay,تم التسليم,2,170,0,25,195,25.43,169.57,52,14.82,3.9,98.85
104512,2026-08-31,سموذ,سارة السبيعي,الدمام,مدى,تم التسليم,2,274,0,0,274,35.74,238.26,88,16.15,2.74,131.37
104511,2026-08-31,سموذ,رهف القحطاني,الدمام,مدى,تم التسليم,1,85,0,25,110,14.35,95.65,26,21.28,1.1,47.27
104510,2026-08-31,سموذ,غادة العتيبي,الدمام,Apple Pay,تم التسليم,4,405,0,0,405,52.83,352.17,131,21.28,8.1,191.79
104509,2026-08-31,سموذ,دانة القحطاني,مكة,الدفع عند الاستلام,تم التسليم,1,145,0,25,170,22.17,147.83,48,17.85,12.0,69.98
104490,2026-08-30,سموذ,خالد الزهراني,الخبر,مدى,تم التسليم,1,120,0,25,145,18.91,126.09,41,14.82,1.45,68.82
104489,2026-08-30,سموذ,راكان الزهراني,أبها,Apple Pay,تم التسليم,1,145,0,25,170,22.17,147.83,48,20.4,3.4,76.03
104488,2026-08-30,سموذ,راكان العنزي,جدة,Apple Pay,تم التسليم,2,290,0,0,290,37.83,252.17,96,21.28,5.8,129.09
104487,2026-08-30,سموذ,رهف البقمي,الدمام,مدى,ملغي,5,470,0,0,470,0,0,0,0,0,0
104486,2026-08-30,سموذ,شهد العنزي,الرياض,تمارا,تم التسليم,2,378,0,0,378,49.3,328.7,124,16.0,24.57,164.13
104485,2026-08-30,سموذ,تركي المطيري,المدينة,مدى,تم التسليم,2,215,22,25,218,28.43,189.57,71,17.85,2.18,98.54
104484,2026-08-30,سموذ,عبير المطيري,جدة,تمارا,تم التسليم,3,245,0,25,270,35.22,234.78,74,16.15,17.55,127.08
104483,2026-08-30,سموذ,عبير الشمري,الرياض,فيزا,تم التسليم,4,460,0,0,460,60.0,400.0,152,16.0,11.5,220.5
104482,2026-08-30,سموذ,محمد الجهني,جدة,مدى,تم التسليم,2,230,23,25,232,30.26,201.74,74,21.28,2.32,104.14
104481,2026-08-30,سموذ,جود المطيري,الرياض,Apple Pay,تم التسليم,4,574,0,0,574,74.87,499.13,188,16.0,11.48,283.65
104480,2026-08-30,سموذ,ريم الجهني,الرياض,مدى,تم التسليم,1,145,0,25,170,22.17,147.83,48,17.92,1.7,80.21
104479,2026-08-30,سموذ,تركي الشهري,المدينة,مدى,ملغي,3,315,0,0,315,0,0,0,0,0,0
104463,2026-08-29,سموذ,نايف السالم,جدة,مدى,تم التسليم,1,75,11,25,89,11.61,77.39,22,19.0,0.89,35.5
104462,2026-08-29,سموذ,محمد الشمري,الخبر,Apple Pay,تم التسليم,2,290,0,0,290,37.83,252.17,96,19.0,5.8,131.37
104461,2026-08-29,سموذ,سلطان الغامدي,المدينة,تمارا,تم التسليم,5,535,0,0,535,69.78,465.22,170,17.85,34.77,242.59
104460,2026-08-29,سموذ,نورة الرشيدي,مكة,مدى,تم التسليم,2,378,0,0,378,49.3,328.7,124,16.38,3.78,184.54
104459,2026-08-29,سموذ,نايف البقمي,جدة,فيزا,تم التسليم,1,189,0,25,214,27.91,186.09,62,19.0,5.35,99.74
104458,2026-08-29,سموذ,دانة الرشيدي,الرياض,مدى,تم التسليم,2,290,0,0,290,37.83,252.17,96,13.6,2.9,139.67
104457,2026-08-29,سموذ,جود البقمي,الرياض,مدى,تم التسليم,4,365,0,0,365,47.61,317.39,115,13.6,3.65,185.14
104456,2026-08-29,سموذ,جود العنزي,القصيم,مدى,تم التسليم,1,95,0,25,120,15.65,104.35,30,26.88,1.2,46.27
104455,2026-08-29,سموذ,دانة الشهري,جدة,مدى,تم التسليم,3,567,0,0,567,73.96,493.04,186,16.15,5.67,285.22
104454,2026-08-29,سموذ,ياسر السبيعي,تبوك,فيزا,تم التسليم,1,189,38,25,176,22.96,153.04,62,24.0,4.4,62.64
104453,2026-08-29,سموذ,شهد الجهني,الدمام,تمارا,تم التسليم,1,85,0,25,110,14.35,95.65,26,19.0,7.15,43.5
104452,2026-08-29,سموذ,عبدالله الرشيدي,جدة,مدى,تم التسليم,1,75,15,25,85,11.09,73.91,22,14.82,0.85,36.24
104451,2026-08-29,سموذ,عبير الزهراني,المدينة,مدى,تم التسليم,1,145,0,25,170,22.17,147.83,48,16.38,1.7,81.75
104450,2026-08-29,سموذ,سارة الشمري,الرياض,فيزا,تم التسليم,2,160,0,25,185,24.13,160.87,48,12.48,4.62,95.76
104449,2026-08-29,سموذ,بندر الغامدي,الدمام,مدى,تم التسليم,2,220,0,25,245,31.96,213.04,70,21.28,2.45,119.31
104448,2026-08-29,سموذ,هند القحطاني,الدمام,الدفع عند الاستلام,تم التسليم,4,528,0,0,528,68.87,459.13,168,16.15,12.0,262.98
104447,2026-08-29,سموذ,أمل المالكي,جدة,تمارا,تم التسليم,4,538,108,0,430,56.09,373.91,172,16.15,27.95,157.81
104423,2026-08-28,سموذ,جود الشهري,أبها,Apple Pay,تم التسليم,3,245,0,25,270,35.22,234.78,74,24.0,5.4,131.38
104422,2026-08-28,سموذ,سلطان الشهري,الرياض,تمارا,تم التسليم,2,170,17,25,178,23.22,154.78,52,16.0,11.57,75.21
104421,2026-08-28,سموذ,خالد الغامدي,مكة,مدى,تم التسليم,2,150,0,25,175,22.83,152.17,44,23.52,1.75,82.9
104420,2026-08-28,سموذ,شهد الرشيدي,الرياض,Apple Pay,تم التسليم,2,170,17,25,178,23.22,154.78,52,16.0,3.56,83.22
104419,2026-08-28,سموذ,خالد البقمي,الرياض,مدى,تم التسليم,4,340,0,0,340,44.35,295.65,104,13.6,3.4,174.65
104418,2026-08-28,سموذ,منيرة المالكي,الرياض,مدى,تم التسليم,1,75,0,25,100,13.04,86.96,22,13.6,1.0,50.36
104417,2026-08-28,سموذ,محمد السالم,الرياض,Apple Pay,تم التسليم,4,410,41,0,369,48.13,320.87,134,13.6,7.38,165.89
104416,2026-08-28,سموذ,ياسر الشهري,مكة,تمارا,تم التسليم,3,335,0,0,335,43.7,291.3,112,21.0,21.78,136.53
104415,2026-08-28,سموذ,لمى البقمي,الرياض,تمارا,تم التسليم,1,145,0,25,170,22.17,147.83,48,16.0,11.05,72.78
104414,2026-08-28,سموذ,جود الزهراني,المدينة,مدى,تم التسليم,2,150,0,25,175,22.83,152.17,44,21.0,1.75,85.42
104413,2026-08-28,سموذ,سلطان الشمري,الدمام,مدى,تم التسليم,1,85,17,25,93,12.13,80.87,26,14.82,0.93,39.12
104412,2026-08-28,سموذ,بندر الزهراني,الخبر,الدفع عند الاستلام,تم التسليم,4,554,55,0,499,65.09,433.91,180,14.82,12.0,227.09
104411,2026-08-28,سموذ,فهد الغامدي,الدمام,فيزا,تم التسليم,2,215,0,25,240,31.3,208.7,71,14.82,6.0,116.88
104410,2026-08-28,سموذ,أمل القحطاني,الخبر,Apple Pay,تم التسليم,3,300,0,0,300,39.13,260.87,97,19.0,6.0,138.87
104409,2026-08-28,سموذ,عبدالله الزهراني,الرياض,فيزا,تم التسليم,4,470,0,0,470,61.3,408.7,152,16.0,11.75,228.95
104408,2026-08-28,سموذ,نورة الزهراني,مكة,مدى,تم التسليم,1,95,0,25,120,15.65,104.35,30,21.0,1.2,52.15
104407,2026-08-28,سموذ,تركي المالكي,جدة,مدى,تم التسليم,3,359,0,0,359,46.83,312.17,114,16.15,3.59,178.43
104406,2026-08-28,سموذ,جود الرشيدي,الرياض,Apple Pay,تم التسليم,2,170,0,25,195,25.43,169.57,52,13.6,3.9,100.07
104405,2026-08-28,سموذ,منيرة الجهني,جدة,مدى,تم التسليم,2,190,28,25,187,24.39,162.61,60,14.82,1.87,85.92
104404,2026-08-28,سموذ,بندر القحطاني,الرياض,مدى,تم التسليم,4,390,39,0,351,45.78,305.22,126,16.0,3.51,159.71
104380,2026-08-27,سموذ,شهد السالم,أبها,Apple Pay,ملغي,3,245,0,25,270,0,0,0,0,0,0
104379,2026-08-27,سموذ,شهد العنزي,جدة,مدى,تم التسليم,4,455,0,0,455,59.35,395.65,149,16.15,4.55,225.95
104378,2026-08-27,سموذ,عبير الزهراني,الرياض,تمارا,تم التسليم,3,280,0,0,280,36.52,243.48,89,13.6,18.2,122.68
104377,2026-08-27,سموذ,سلطان الدوسري,القصيم,مدى,تم التسليم,3,523,105,0,418,54.52,363.48,172,18.72,4.18,168.58
104376,2026-08-27,سموذ,رهف السالم,الرياض,مدى,تم التسليم,6,625,0,0,625,81.52,543.48,205,17.92,6.25,314.31
104375,2026-08-27,سموذ,راكان العتيبي,جدة,الدفع عند الاستلام,ملغي,1,75,8,25,92,0,0,0,0,0,0
104374,2026-08-27,سموذ,راكان السبيعي,الدمام,الدفع عند الاستلام,تم التسليم,1,75,0,25,100,13.04,86.96,22,21.28,12.0,31.68
104373,2026-08-27,سموذ,سارة القحطاني,الخبر,تمارا,تم التسليم,1,120,0,25,145,18.91,126.09,41,19.0,9.43,56.66
104372,2026-08-27,سموذ,تركي البقمي,المدينة,فيزا,تم التسليم,2,190,19,25,196,25.57,170.43,60,21.0,4.9,84.53
104371,2026-08-27,سموذ,دانة المطيري,مكة,مدى,تم التسليم,2,160,16,25,169,22.04,146.96,48,21.0,1.69,76.27
104370,2026-08-27,سموذ,شهد السبيعي,الدمام,مدى,تم التسليم,3,335,50,0,285,37.17,247.83,108,19.0,2.85,117.98
104369,2026-08-27,سموذ,أمل العتيبي,الرياض,مدى,تم التسليم,2,215,0,25,240,31.3,208.7,71,16.0,2.4,119.3
104368,2026-08-27,سموذ,ياسر الرشيدي,جدة,Apple Pay,تم التسليم,1,189,0,25,214,27.91,186.09,62,21.28,4.28,98.53
104367,2026-08-27,سموذ,راكان السبيعي,المدينة,تمارا,تم التسليم,1,120,0,25,145,18.91,126.09,41,21.0,9.43,54.66
104366,2026-08-27,سموذ,خالد البقمي,الرياض,Apple Pay,تم التسليم,1,95,0,25,120,15.65,104.35,30,16.0,2.4,55.95
104365,2026-08-27,سموذ,بندر الشهري,أبها,فيزا,تم التسليم,2,230,0,25,255,33.26,221.74,74,18.72,6.38,122.64
104364,2026-08-27,سموذ,لمى الشهري,الرياض,فيزا,تم التسليم,1,95,0,25,120,15.65,104.35,30,13.6,3.0,57.75
104363,2026-08-27,سموذ,رهف الرشيدي,تبوك,Apple Pay,تم التسليم,1,189,0,25,214,27.91,186.09,62,18.72,4.28,101.09
104362,2026-08-27,سموذ,نورة الحربي,الدمام,الدفع عند الاستلام,تم التسليم,3,340,0,0,340,44.35,295.65,111,14.82,12.0,157.83
104361,2026-08-27,سموذ,شهد الرشيدي,الرياض,تمارا,تم التسليم,1,120,0,25,145,18.91,126.09,41,16.0,9.43,59.66
104360,2026-08-27,سموذ,راكان الشمري,جدة,تمارا,تم التسليم,2,170,17,25,178,23.22,154.78,52,16.15,11.57,75.06
104359,2026-08-27,سموذ,محمد المالكي,الرياض,تمارا,تم التسليم,3,245,0,25,270,35.22,234.78,74,16.0,17.55,127.23
104335,2026-08-26,سموذ,جود القحطاني,مكة,فيزا,تم التسليم,1,95,0,25,120,15.65,104.35,30,23.52,3.0,47.83
104334,2026-08-26,سموذ,بندر القحطاني,الرياض,Apple Pay,تم التسليم,5,737,0,0,737,96.13,640.87,238,16.0,14.74,372.13
104333,2026-08-26,سموذ,راكان السالم,الرياض,مدى,تم التسليم,2,205,0,25,230,30.0,200.0,67,16.0,2.3,114.7
104332,2026-08-26,سموذ,رهف الزهراني,الدمام,تمارا,تم التسليم,1,189,0,25,214,27.91,186.09,62,16.15,13.91,94.03
104331,2026-08-26,سموذ,رهف الزهراني,المدينة,Apple Pay,تم التسليم,2,160,0,25,185,24.13,160.87,48,21.0,3.7,88.17
104330,2026-08-26,سموذ,بندر الشهري,المدينة,مدى,تم التسليم,3,305,0,0,305,39.78,265.22,96,21.0,3.05,145.17
104329,2026-08-26,سموذ,ياسر العتيبي,الرياض,Apple Pay,تم التسليم,6,857,0,0,857,111.78,745.22,279,13.6,17.14,435.48
104328,2026-08-26,سموذ,جود الشمري,الرياض,مدى,تم التسليم,1,85,8,25,102,13.3,88.7,26,16.0,1.02,45.68
104327,2026-08-26,سموذ,نايف العتيبي,الرياض,مدى,تم التسليم,2,334,50,0,284,37.04,246.96,110,17.92,2.84,116.2
104326,2026-08-26,سموذ,بندر الشهري,أبها,مدى,ملغي,4,499,0,0,499,0,0,0,0,0,0
104325,2026-08-26,سموذ,فهد الرشيدي,جدة,مدى,تم التسليم,5,633,0,0,633,82.57,550.43,202,21.28,6.33,320.82
104324,2026-08-26,سموذ,عبير الشمري,الرياض,Apple Pay,تم التسليم,5,605,0,0,605,78.91,526.09,196,16.0,12.1,301.99
104323,2026-08-26,سموذ,سلطان السالم,الرياض,تمارا,تم التسليم,2,150,0,25,175,22.83,152.17,44,12.48,11.38,84.32
104322,2026-08-26,سموذ,شهد العنزي,الدمام,Apple Pay,تم التسليم,2,180,0,25,205,26.74,178.26,56,16.15,4.1,102.01
104321,2026-08-26,سموذ,سارة الغامدي,تبوك,Apple Pay,تم التسليم,1,189,0,25,214,27.91,186.09,62,18.72,4.28,101.09
104320,2026-08-26,سموذ,سارة الجهني,الدمام,مدى,تم التسليم,1,145,0,25,170,22.17,147.83,48,19.0,1.7,79.13
104319,2026-08-26,سموذ,أمل السالم,الدمام,تمارا,تم التسليم,1,120,0,25,145,18.91,126.09,41,16.15,9.43,59.51
104318,2026-08-26,سموذ,تركي المطيري,جدة,Apple Pay,تم التسليم,4,430,64,0,366,47.74,318.26,142,16.15,7.32,152.79
104299,2026-08-25,سموذ,فهد الجهني,الرياض,مدى,تم التسليم,2,195,20,25,200,26.09,173.91,63,16.0,2.0,92.91
104298,2026-08-25,سموذ,ريم السالم,مكة,تمارا,تم التسليم,3,280,0,0,280,36.52,243.48,89,23.52,18.2,112.76
104297,2026-08-25,سموذ,خالد العنزي,الرياض,تمارا,تم التسليم,1,189,0,25,214,27.91,186.09,62,12.48,13.91,97.7
104296,2026-08-25,سموذ,فهد القحطاني,الرياض,مدى,ملغي,5,580,116,0,464,0,0,0,0,0,0
104295,2026-08-25,سموذ,محمد الزهراني,القصيم,تمارا,تم التسليم,1,85,0,25,110,14.35,95.65,26,24.0,7.15,38.5
104294,2026-08-25,سموذ,سارة الجهني,الدمام,مدى,تم التسليم,1,75,0,25,100,13.04,86.96,22,21.28,1.0,42.68
104293,2026-08-25,سموذ,نورة السالم,جدة,فيزا,تم التسليم,2,284,28,0,256,33.39,222.61,92,21.28,6.4,102.93
104292,2026-08-25,سموذ,بندر العنزي,الرياض,مدى,ملغي,3,567,0,0,567,0,0,0,0,0,0
104291,2026-08-25,سموذ,عبير البقمي,أبها,Apple Pay,تم التسليم,1,145,0,25,170,22.17,147.83,48,24.0,3.4,72.43
104290,2026-08-25,سموذ,ريم السالم,القصيم,Apple Pay,تم التسليم,2,215,0,25,240,31.3,208.7,71,24.0,4.8,108.9
104289,2026-08-25,سموذ,منيرة الجهني,الرياض,مدى,تم التسليم,1,145,0,25,170,22.17,147.83,48,16.0,1.7,82.13
104288,2026-08-25,سموذ,تركي المطيري,المدينة,فيزا,تم التسليم,4,668,0,0,668,87.13,580.87,220,21.0,16.7,323.17
104265,2026-08-24,سموذ,منيرة الشهري,مكة,فيزا,تم التسليم,1,75,0,25,100,13.04,86.96,22,17.85,2.5,44.61
104264,2026-08-24,سموذ,ياسر القحطاني,الرياض,مدى,تم التسليم,2,170,0,25,195,25.43,169.57,52,17.92,1.95,97.7
104263,2026-08-24,سموذ,ريم العنزي,جدة,مدى,تم التسليم,2,290,0,0,290,37.83,252.17,96,19.0,2.9,134.27
104262,2026-08-24,سموذ,ريم الشمري,مكة,مدى,تم التسليم,1,85,0,25,110,14.35,95.65,26,17.85,1.1,50.7
104261,2026-08-24,سموذ,دانة الحربي,الدمام,مدى,تم التسليم,3,285,0,0,285,37.17,247.83,90,14.82,2.85,140.16
104260,2026-08-24,سموذ,بندر الشهري,أبها,Apple Pay,تم التسليم,2,240,0,25,265,34.57,230.43,82,20.4,5.3,122.73
104259,2026-08-24,سموذ,غادة الرشيدي,الرياض,الدفع عند الاستلام,تم التسليم,1,75,0,25,100,13.04,86.96,22,16.0,12.0,36.96
104258,2026-08-24,سموذ,جود الزهراني,جدة,تمارا,تم التسليم,5,753,0,0,753,98.22,654.78,246,14.82,48.95,345.02
104257,2026-08-24,سموذ,عبير المطيري,جدة,الدفع عند الاستلام,تم التسليم,3,360,0,0,360,46.96,313.04,123,19.0,12.0,159.04
104256,2026-08-24,سموذ,رهف الشهري,الرياض,تمارا,تم التسليم,2,150,0,25,175,22.83,152.17,44,13.6,11.38,83.2
104255,2026-08-24,سموذ,محمد المطيري,الرياض,مدى,تم التسليم,1,95,0,25,120,15.65,104.35,30,13.6,1.2,59.55
104254,2026-08-24,سموذ,جود الشهري,الرياض,Apple Pay,ملغي,2,274,0,0,274,0,0,0,0,0,0
104253,2026-08-24,سموذ,محمد الجهني,الرياض,مدى,تم التسليم,1,85,0,25,110,14.35,95.65,26,17.92,1.1,50.63
104252,2026-08-24,سموذ,عبير المطيري,الرياض,مدى,ملغي,1,145,0,25,170,0,0,0,0,0,0
104228,2026-08-23,سموذ,غادة العنزي,الدمام,فيزا,تم التسليم,4,375,0,0,375,48.91,326.09,119,16.15,9.38,181.56
104227,2026-08-23,سموذ,سلطان المالكي,مكة,الدفع عند الاستلام,تم التسليم,1,85,0,25,110,14.35,95.65,26,17.85,12.0,39.8
104226,2026-08-23,سموذ,تركي البقمي,الخبر,فيزا,تم التسليم,2,150,30,25,145,18.91,126.09,44,16.15,3.62,62.31
104225,2026-08-23,سموذ,نورة الجهني,الرياض,مدى,تم التسليم,2,334,0,0,334,43.57,290.43,110,16.0,3.34,161.09
104224,2026-08-23,سموذ,منيرة السالم,مكة,مدى,تم التسليم,3,265,26,25,264,34.43,229.57,82,17.85,2.64,127.08
104223,2026-08-23,سموذ,سارة الحربي,تبوك,تمارا,تم التسليم,1,120,12,25,133,17.35,115.65,41,20.4,8.64,45.61
104222,2026-08-23,سموذ,عبير المطيري,الدمام,Apple Pay,تم التسليم,2,290,0,0,290,37.83,252.17,96,21.28,5.8,129.09
104221,2026-08-23,سموذ,عبير الرشيدي,الرياض,تمارا,تم التسليم,1,145,0,25,170,22.17,147.83,48,12.48,11.05,76.3
104220,2026-08-23,سموذ,بندر الحربي,جدة,مدى,تم التسليم,2,190,0,25,215,28.04,186.96,60,16.15,2.15,108.66
104219,2026-08-23,سموذ,ريم العنزي,جدة,مدى,تم التسليم,1,120,0,25,145,18.91,126.09,41,19.0,1.45,64.64
104218,2026-08-23,سموذ,أمل الغامدي,الرياض,تمارا,تم التسليم,1,189,0,25,214,27.91,186.09,62,12.48,13.91,97.7
104217,2026-08-23,سموذ,جود البقمي,الدمام,مدى,تم التسليم,1,85,17,25,93,12.13,80.87,26,16.15,0.93,37.79
104216,2026-08-23,سموذ,تركي البقمي,مكة,مدى,تم التسليم,1,75,0,25,100,13.04,86.96,22,16.38,1.0,47.58
104215,2026-08-23,سموذ,راكان السبيعي,الرياض,مدى,تم التسليم,1,95,14,25,106,13.83,92.17,30,16.0,1.06,45.11
104193,2026-08-22,سموذ,فهد الدوسري,جدة,مدى,تم التسليم,3,419,0,0,419,54.65,364.35,136,14.82,4.19,209.34
104192,2026-08-22,سموذ,سلطان القحطاني,مكة,مدى,تم التسليم,4,642,128,0,514,67.04,446.96,208,23.52,5.14,210.3
104191,2026-08-22,سموذ,شهد المالكي,الرياض,تمارا,تم التسليم,5,485,0,0,485,63.26,421.74,152,17.92,31.53,220.29
104190,2026-08-22,سموذ,رهف القحطاني,جدة,مدى,تم التسليم,3,339,0,0,339,44.22,294.78,106,16.15,3.39,169.24
104189,2026-08-22,سموذ,عبدالله العتيبي,القصيم,مدى,تم التسليم,3,429,0,0,429,55.96,373.04,140,24.0,4.29,204.75
104188,2026-08-22,سموذ,سارة الجهني,الدمام,Apple Pay,تم التسليم,4,310,62,25,273,35.61,237.39,92,19.0,5.46,120.93
104187,2026-08-22,سموذ,جود العتيبي,الرياض,الدفع عند الاستلام,تم التسليم,2,334,0,0,334,43.57,290.43,110,16.0,12.0,152.43
104186,2026-08-22,سموذ,نايف الشمري,جدة,Apple Pay,تم التسليم,2,290,0,0,290,37.83,252.17,96,14.82,5.8,135.55
104185,2026-08-22,سموذ,فهد الزهراني,جدة,فيزا,تم التسليم,2,150,0,25,175,22.83,152.17,44,19.0,4.38,84.8
104184,2026-08-22,سموذ,سارة الشمري,جدة,Apple Pay,ملغي,2,205,0,25,230,0,0,0,0,0,0
104183,2026-08-22,سموذ,عبير السالم,الرياض,مدى,تم التسليم,1,85,8,25,102,13.3,88.7,26,13.6,1.02,48.08
104182,2026-08-22,سموذ,هند الرشيدي,الرياض,Apple Pay,تم التسليم,1,75,0,25,100,13.04,86.96,22,16.0,2.0,46.96
104181,2026-08-22,سموذ,عبدالله البقمي,الرياض,Apple Pay,تم التسليم,2,240,0,25,265,34.57,230.43,82,17.92,5.3,125.21
104180,2026-08-22,سموذ,لمى القحطاني,الرياض,مدى,تم التسليم,3,295,0,0,295,38.48,256.52,92,16.0,2.95,145.57
104179,2026-08-22,سموذ,أمل الشهري,جدة,فيزا,تم التسليم,1,145,14,25,156,20.35,135.65,48,16.15,3.9,67.6
104178,2026-08-22,سموذ,رهف الدوسري,مكة,Apple Pay,تم التسليم,2,230,0,25,255,33.26,221.74,74,23.52,5.1,119.12
104150,2026-08-21,سموذ,شهد الشمري,مكة,Apple Pay,تم التسليم,2,378,76,0,302,39.39,262.61,124,21.0,6.04,111.57
104149,2026-08-21,سموذ,هند العتيبي,الرياض,مدى,تم التسليم,2,240,0,25,265,34.57,230.43,82,13.6,2.65,132.18
104148,2026-08-21,سموذ,خالد الجهني,الرياض,تمارا,ملغي,3,315,47,0,268,0,0,0,0,0,0
104147,2026-08-21,سموذ,ماجد العنزي,القصيم,مدى,تم التسليم,2,190,0,25,215,28.04,186.96,60,26.88,2.15,97.93
104146,2026-08-21,سموذ,عبير الرشيدي,القصيم,مدى,تم التسليم,1,75,0,25,100,13.04,86.96,22,24.0,1.0,39.96
104145,2026-08-21,سموذ,شهد الشمري,الخبر,مدى,تم التسليم,1,95,0,25,120,15.65,104.35,30,19.0,1.2,54.15
104144,2026-08-21,سموذ,سارة الرشيدي,الرياض,مدى,تم التسليم,1,145,0,25,170,22.17,147.83,48,17.92,1.7,80.21
104143,2026-08-21,سموذ,تركي الشمري,مكة,الدفع عند الاستلام,تم التسليم,2,190,0,25,215,28.04,186.96,60,16.38,12.0,98.58
104142,2026-08-21,سموذ,ماجد الجهني,الرياض,مدى,تم التسليم,2,265,0,0,265,34.57,230.43,89,17.92,2.65,120.86
104141,2026-08-21,سموذ,تركي العنزي,مكة,تمارا,تم التسليم,1,95,10,25,110,14.35,95.65,30,16.38,7.15,42.12
104140,2026-08-21,سموذ,جود السالم,مكة,Apple Pay,تم التسليم,2,220,33,25,212,27.65,184.35,70,23.52,4.24,86.59
104139,2026-08-21,سموذ,شهد العنزي,جدة,فيزا,تم التسليم,3,360,0,0,360,46.96,313.04,123,16.15,9.0,164.89
104138,2026-08-21,سموذ,راكان الشمري,الرياض,مدى,تم التسليم,2,334,50,0,284,37.04,246.96,110,16.0,2.84,118.12
104137,2026-08-21,سموذ,خالد الشهري,الرياض,مدى,ملغي,1,95,0,25,120,0,0,0,0,0,0
104136,2026-08-21,سموذ,تركي البقمي,الخبر,فيزا,تم التسليم,2,150,22,25,153,19.96,133.04,44,14.82,3.83,70.4
104135,2026-08-21,سموذ,دانة البقمي,جدة,الدفع عند الاستلام,تم التسليم,1,145,0,25,170,22.17,147.83,48,19.0,12.0,68.83
104134,2026-08-21,سموذ,سارة السبيعي,الدمام,فيزا,تم التسليم,1,75,0,25,100,13.04,86.96,22,16.15,2.5,46.31
104133,2026-08-21,سموذ,ياسر العتيبي,المدينة,مدى,تم التسليم,3,339,0,0,339,44.22,294.78,106,21.0,3.39,164.39
104132,2026-08-21,سموذ,عبير الغامدي,الرياض,Apple Pay,تم التسليم,2,265,0,0,265,34.57,230.43,89,13.6,5.3,122.53
104131,2026-08-21,سموذ,سلطان العتيبي,الرياض,مدى,تم التسليم,2,290,0,0,290,37.83,252.17,96,16.0,2.9,137.27
104111,2026-08-20,سموذ,دانة الشهري,الرياض,مدى,تم التسليم,3,315,0,0,315,41.09,273.91,104,12.48,3.15,154.28
104110,2026-08-20,سموذ,محمد العتيبي,المدينة,الدفع عند الاستلام,ملغي,2,290,58,25,257,0,0,0,0,0,0
104109,2026-08-20,سموذ,راكان القحطاني,الرياض,مدى,تم التسليم,3,369,0,0,369,48.13,320.87,118,16.0,3.69,183.18
104108,2026-08-20,سموذ,نايف الدوسري,مكة,مدى,تم التسليم,1,189,0,25,214,27.91,186.09,62,23.52,2.14,98.43
104107,2026-08-20,سموذ,هند العنزي,الخبر,مدى,تم التسليم,1,120,0,25,145,18.91,126.09,41,19.0,1.45,64.64
104106,2026-08-20,سموذ,جود الدوسري,تبوك,فيزا,تم التسليم,4,395,0,0,395,51.52,343.48,127,24.0,9.88,182.6
104105,2026-08-20,سموذ,نايف المالكي,الرياض,Apple Pay,تم التسليم,1,85,0,25,110,14.35,95.65,26,13.6,2.2,53.85
104104,2026-08-20,سموذ,رهف القحطاني,المدينة,فيزا,تم التسليم,4,365,0,0,365,47.61,317.39,115,21.0,9.12,172.27
104103,2026-08-20,سموذ,غادة الغامدي,الدمام,فيزا,تم التسليم,2,180,0,25,205,26.74,178.26,56,21.28,5.12,95.86
104102,2026-08-20,سموذ,نايف العتيبي,جدة,مدى,تم التسليم,1,189,0,25,214,27.91,186.09,62,21.28,2.14,100.67
104101,2026-08-20,سموذ,سارة الغامدي,تبوك,Apple Pay,تم التسليم,5,727,109,0,618,80.61,537.39,234,24.0,12.36,267.03
104100,2026-08-20,سموذ,نايف السبيعي,القصيم,الدفع عند الاستلام,تم التسليم,3,385,0,0,385,50.22,334.78,126,24.0,12.0,172.78
104099,2026-08-20,سموذ,سلطان الحربي,الخبر,Apple Pay,تم التسليم,1,120,0,25,145,18.91,126.09,41,19.0,2.9,63.19
104098,2026-08-20,سموذ,راكان العتيبي,مكة,مدى,تم التسليم,2,378,0,0,378,49.3,328.7,124,17.85,3.78,183.07
104097,2026-08-20,سموذ,هند الجهني,جدة,مدى,تم التسليم,1,75,15,25,85,11.09,73.91,22,19.0,0.85,32.06
104096,2026-08-20,سموذ,ماجد السالم,الدمام,فيزا,تم التسليم,3,325,0,0,325,42.39,282.61,108,19.0,8.12,147.48
104095,2026-08-20,سموذ,ياسر الدوسري,الرياض,تمارا,تم التسليم,2,180,0,25,205,26.74,178.26,56,16.0,13.33,92.94
104094,2026-08-20,سموذ,تركي الحربي,جدة,Apple Pay,تم التسليم,2,240,36,25,229,29.87,199.13,78,14.82,4.58,101.73
104093,2026-08-20,سموذ,فهد الجهني,الرياض,فيزا,تم التسليم,4,624,0,0,624,81.39,542.61,206,13.6,15.6,307.41
104092,2026-08-20,سموذ,ياسر العتيبي,الرياض,فيزا,تم التسليم,3,265,0,0,265,34.57,230.43,82,16.0,6.62,125.81
104075,2026-08-19,سموذ,رهف الزهراني,مكة,Apple Pay,تم التسليم,1,75,0,25,100,13.04,86.96,22,23.52,2.0,39.44
104074,2026-08-19,سموذ,ياسر الغامدي,الرياض,مدى,تم التسليم,1,189,38,25,176,22.96,153.04,62,13.6,1.76,75.68
104073,2026-08-19,سموذ,غادة السالم,الخبر,مدى,تم التسليم,2,190,0,25,215,28.04,186.96,60,21.28,2.15,103.53
104072,2026-08-19,سموذ,راكان المالكي,جدة,مدى,تم التسليم,2,378,0,0,378,49.3,328.7,124,21.28,3.78,179.64
104071,2026-08-19,سموذ,خالد البقمي,الرياض,تمارا,تم التسليم,1,120,0,25,145,18.91,126.09,41,13.6,9.43,62.06
104070,2026-08-19,سموذ,تركي البقمي,مكة,مدى,ملغي,1,189,0,25,214,0,0,0,0,0,0
104069,2026-08-19,سموذ,لمى المالكي,جدة,Apple Pay,تم التسليم,4,464,0,0,464,60.52,403.48,148,14.82,9.28,231.38
104068,2026-08-19,سموذ,بندر الغامدي,الدمام,تمارا,تم التسليم,1,145,0,25,170,22.17,147.83,48,19.0,11.05,69.78
104067,2026-08-19,سموذ,سارة السبيعي,الرياض,الدفع عند الاستلام,ملغي,6,610,61,0,549,0,0,0,0,0,0
104066,2026-08-19,سموذ,خالد السالم,الرياض,مدى,تم التسليم,4,712,0,0,712,92.87,619.13,234,13.6,7.12,364.41
104065,2026-08-19,سموذ,عبدالله الشمري,الدمام,تمارا,تم التسليم,1,120,0,25,145,18.91,126.09,41,19.0,9.43,56.66
104064,2026-08-19,سموذ,جود الشهري,جدة,تمارا,تم التسليم,3,384,38,0,346,45.13,300.87,125,16.15,22.49,137.23
104063,2026-08-19,سموذ,سارة المالكي,المدينة,تمارا,تم التسليم,5,807,161,0,646,84.26,561.74,264,23.52,41.99,232.23
104062,2026-08-19,سموذ,سلطان الغامدي,جدة,مدى,تم التسليم,2,309,0,0,309,40.3,268.7,103,19.0,3.09,143.61
104061,2026-08-19,سموذ,غادة العتيبي,الرياض,Apple Pay,تم التسليم,1,85,8,25,102,13.3,88.7,26,16.0,2.04,44.66
104045,2026-08-18,سموذ,عبدالله العتيبي,الرياض,مدى,تم التسليم,1,85,0,25,110,14.35,95.65,26,12.48,1.1,56.07
104044,2026-08-18,سموذ,جود المطيري,الرياض,Apple Pay,ملغي,1,75,0,25,100,0,0,0,0,0,0
104043,2026-08-18,سموذ,سارة القحطاني,الخبر,Apple Pay,تم التسليم,3,567,0,0,567,73.96,493.04,186,19.0,11.34,276.7
104042,2026-08-18,سموذ,تركي الحربي,جدة,الدفع عند الاستلام,تم التسليم,2,240,0,25,265,34.57,230.43,82,14.82,12.0,121.61
104041,2026-08-18,سموذ,خالد البقمي,الرياض,فيزا,تم التسليم,2,215,0,25,240,31.3,208.7,71,13.6,6.0,118.1
104040,2026-08-18,سموذ,دانة الغامدي,الرياض,مدى,تم التسليم,1,75,0,25,100,13.04,86.96,22,13.6,1.0,50.36
104039,2026-08-18,سموذ,أمل السالم,الدمام,تمارا,تم التسليم,1,189,0,25,214,27.91,186.09,62,19.0,13.91,91.18
104038,2026-08-18,سموذ,نورة القحطاني,مكة,تمارا,تم التسليم,1,85,0,25,110,14.35,95.65,26,17.85,7.15,44.65
104037,2026-08-18,سموذ,جود القحطاني,جدة,Apple Pay,ملغي,1,95,0,25,120,0,0,0,0,0,0
104036,2026-08-18,سموذ,عبير المالكي,الرياض,فيزا,تم التسليم,1,189,0,25,214,27.91,186.09,62,16.0,5.35,102.74
104035,2026-08-18,سموذ,شهد البقمي,القصيم,الدفع عند الاستلام,تم التسليم,2,378,0,0,378,49.3,328.7,124,20.4,12.0,172.3
104013,2026-08-17,سموذ,منيرة السبيعي,الرياض,مدى,تم التسليم,3,335,0,0,335,43.7,291.3,112,16.0,3.35,159.95
104012,2026-08-17,سموذ,ماجد العنزي,الخبر,مدى,تم التسليم,2,378,0,0,378,49.3,328.7,124,19.0,3.78,181.92
104011,2026-08-17,سموذ,ياسر الرشيدي,الرياض,مدى,تم التسليم,1,189,0,25,214,27.91,186.09,62,17.92,2.14,104.03
104010,2026-08-17,سموذ,جود المطيري,الخبر,مدى,ملغي,2,220,0,25,245,0,0,0,0,0,0
104009,2026-08-17,سموذ,لمى الغامدي,مكة,الدفع عند الاستلام,تم التسليم,1,145,0,25,170,22.17,147.83,48,23.52,12.0,64.31
104008,2026-08-17,سموذ,عبدالله الحربي,الرياض,الدفع عند الاستلام,تم التسليم,1,145,14,25,156,20.35,135.65,48,16.0,12.0,59.65
104007,2026-08-17,سموذ,لمى السبيعي,المدينة,فيزا,تم التسليم,1,145,22,25,148,19.3,128.7,48,21.0,3.7,56.0
104006,2026-08-17,سموذ,غادة العتيبي,الرياض,الدفع عند الاستلام,تم التسليم,3,360,0,0,360,46.96,313.04,123,13.6,12.0,164.44
104005,2026-08-17,سموذ,دانة المالكي,مكة,مدى,تم التسليم,2,284,0,0,284,37.04,246.96,92,21.0,2.84,131.12
104004,2026-08-17,سموذ,عبدالله المالكي,تبوك,مدى,ملغي,1,189,0,25,214,0,0,0,0,0,0
104003,2026-08-17,سموذ,ماجد العتيبي,الرياض,Apple Pay,تم التسليم,2,378,0,0,378,49.3,328.7,124,16.0,7.56,181.14
104002,2026-08-17,سموذ,فهد البقمي,الدمام,فيزا,تم التسليم,3,255,26,25,254,33.13,220.87,78,19.0,6.35,117.52
104001,2026-08-17,سموذ,رهف القحطاني,أبها,مدى,تم التسليم,1,189,0,25,214,27.91,186.09,62,26.88,2.14,95.07
104000,2026-08-17,سموذ,نورة الدوسري,الرياض,مدى,تم التسليم,1,75,8,25,92,12.0,80.0,22,16.0,0.92,41.08
103999,2026-08-17,سموذ,أمل العتيبي,الرياض,Apple Pay,ملغي,1,120,0,25,145,0,0,0,0,0,0
103998,2026-08-17,سموذ,أمل المالكي,الدمام,Apple Pay,تم التسليم,1,95,0,25,120,15.65,104.35,30,16.15,2.4,55.8
103997,2026-08-17,سموذ,هند القحطاني,الرياض,مدى,ملغي,3,270,0,0,270,0,0,0,0,0,0
103980,2026-08-16,سموذ,بندر السبيعي,جدة,تمارا,تم التسليم,3,523,0,0,523,68.22,454.78,172,21.28,34.0,227.51
103979,2026-08-16,سموذ,بندر البقمي,المدينة,مدى,تم التسليم,3,369,0,0,369,48.13,320.87,118,21.0,3.69,178.18
103978,2026-08-16,سموذ,غادة البقمي,جدة,Apple Pay,تم التسليم,1,120,24,25,121,15.78,105.22,41,21.28,2.42,40.52
103977,2026-08-16,سموذ,هند الرشيدي,أبها,مدى,تم التسليم,1,145,0,25,170,22.17,147.83,48,24.0,1.7,74.13
103976,2026-08-16,سموذ,هند المالكي,القصيم,مدى,تم التسليم,1,120,0,25,145,18.91,126.09,41,24.0,1.45,59.64
103975,2026-08-16,سموذ,محمد الحربي,أبها,مدى,تم التسليم,2,170,26,25,169,22.04,146.96,52,24.0,1.69,69.27
103974,2026-08-16,سموذ,محمد الحربي,الرياض,مدى,تم التسليم,1,75,8,25,92,12.0,80.0,22,16.0,0.92,41.08
103973,2026-08-16,سموذ,غادة العنزي,الرياض,مدى,تم التسليم,3,360,0,0,360,46.96,313.04,119,13.6,3.6,176.84
103972,2026-08-16,سموذ,راكان القحطاني,المدينة,تمارا,تم التسليم,1,95,0,25,120,15.65,104.35,30,17.85,7.8,48.7
103971,2026-08-16,سموذ,منيرة العنزي,الرياض,Apple Pay,تم التسليم,2,180,0,25,205,26.74,178.26,56,16.0,4.1,102.16
103970,2026-08-16,سموذ,سلطان الشمري,الدمام,تمارا,تم التسليم,5,633,0,0,633,82.57,550.43,202,19.0,41.15,288.29
103969,2026-08-16,سموذ,رهف الغامدي,جدة,تمارا,تم التسليم,2,220,0,25,245,31.96,213.04,70,21.28,15.93,105.84
103968,2026-08-16,سموذ,دانة الغامدي,الخبر,تمارا,تم التسليم,4,474,47,0,427,55.7,371.3,152,16.15,27.76,175.4
103967,2026-08-16,سموذ,هند المالكي,الرياض,Apple Pay,تم التسليم,2,309,46,0,263,34.3,228.7,103,12.48,5.26,107.96
103947,2026-08-15,سموذ,سارة البقمي,الرياض,تمارا,ملغي,1,85,0,25,110,0,0,0,0,0,0
103946,2026-08-15,سموذ,منيرة الجهني,الرياض,مدى,تم التسليم,1,189,0,25,214,27.91,186.09,62,12.48,2.14,109.47
103945,2026-08-15,سموذ,بندر السبيعي,جدة,فيزا,تم التسليم,1,95,0,25,120,15.65,104.35,30,19.0,3.0,52.35
103944,2026-08-15,سموذ,شهد الرشيدي,الرياض,فيزا,تم التسليم,2,290,0,0,290,37.83,252.17,96,12.48,7.25,136.44
103943,2026-08-15,سموذ,خالد العنزي,الرياض,الدفع عند الاستلام,تم التسليم,5,480,0,0,480,62.61,417.39,153,17.92,12.0,234.47
103942,2026-08-15,سموذ,عبدالله الشهري,الرياض,مدى,تم التسليم,3,385,0,0,385,50.22,334.78,126,16.0,3.85,188.93
103941,2026-08-15,سموذ,سلطان القحطاني,الرياض,Apple Pay,تم التسليم,2,284,0,0,284,37.04,246.96,92,16.0,5.68,133.28
103940,2026-08-15,سموذ,دانة الغامدي,الرياض,Apple Pay,تم التسليم,1,75,0,25,100,13.04,86.96,22,16.0,2.0,46.96
103939,2026-08-15,سموذ,عبير الشمري,جدة,مدى,تم التسليم,2,284,0,0,284,37.04,246.96,92,16.15,2.84,135.97
103938,2026-08-15,سموذ,سارة الجهني,الدمام,Apple Pay,تم التسليم,1,75,0,25,100,13.04,86.96,22,16.15,2.0,46.81
103937,2026-08-15,سموذ,دانة السالم,الرياض,مدى,تم التسليم,1,85,0,25,110,14.35,95.65,26,13.6,1.1,54.95
103936,2026-08-15,سموذ,جود القحطاني,المدينة,مدى,ملغي,1,120,0,25,145,0,0,0,0,0,0
103935,2026-08-15,سموذ,محمد الحربي,الرياض,Apple Pay,تم التسليم,1,189,0,25,214,27.91,186.09,62,12.48,4.28,107.33
103934,2026-08-15,سموذ,سلطان المالكي,الرياض,فيزا,تم التسليم,1,95,0,25,120,15.65,104.35,30,13.6,3.0,57.75
103933,2026-08-15,سموذ,ريم العتيبي,جدة,مدى,ملغي,4,505,50,0,455,0,0,0,0,0,0
103932,2026-08-15,سموذ,سلطان الجهني,جدة,فيزا,تم التسليم,4,459,0,0,459,59.87,399.13,147,19.0,11.48,221.66
103912,2026-08-14,سموذ,سارة القحطاني,الخبر,الدفع عند الاستلام,تم التسليم,2,180,0,25,205,26.74,178.26,56,16.15,12.0,94.11
103911,2026-08-14,سموذ,لمى العتيبي,مكة,مدى,تم التسليم,4,652,65,0,587,76.57,510.43,212,23.52,5.87,269.04
103910,2026-08-14,سموذ,سارة الزهراني,الرياض,تمارا,تم التسليم,1,75,0,25,100,13.04,86.96,22,16.0,6.5,42.46
103909,2026-08-14,سموذ,رهف المطيري,القصيم,Apple Pay,تم التسليم,2,240,48,25,217,28.3,188.7,82,24.0,4.34,78.36
103908,2026-08-14,سموذ,رهف الشمري,جدة,فيزا,تم التسليم,1,145,0,25,170,22.17,147.83,48,19.0,4.25,76.58
103907,2026-08-14,سموذ,عبير الشمري,مكة,الدفع عند الاستلام,تم التسليم,1,120,12,25,133,17.35,115.65,41,23.52,12.0,39.13
103906,2026-08-14,سموذ,نايف الجهني,الرياض,فيزا,تم التسليم,1,189,0,25,214,27.91,186.09,62,16.0,5.35,102.74
103905,2026-08-14,سموذ,نورة المطيري,مكة,مدى,تم التسليم,3,285,0,0,285,37.17,247.83,90,17.85,2.85,137.13
103904,2026-08-14,سموذ,محمد المطيري,مكة,Apple Pay,تم التسليم,2,215,32,25,208,27.13,180.87,71,16.38,4.16,89.33
103903,2026-08-14,سموذ,سلطان العنزي,الدمام,تمارا,تم التسليم,4,618,0,0,618,80.61,537.39,202,16.15,40.17,279.07
103902,2026-08-14,سموذ,جود البقمي,مكة,مدى,تم التسليم,2,284,0,0,284,37.04,246.96,92,23.52,2.84,128.6
103901,2026-08-14,سموذ,هند الحربي,الرياض,Apple Pay,تم التسليم,2,150,0,25,175,22.83,152.17,44,17.92,3.5,86.75
103900,2026-08-14,سموذ,تركي العنزي,الدمام,Apple Pay,تم التسليم,1,189,0,25,214,27.91,186.09,62,14.82,4.28,104.99
103899,2026-08-14,سموذ,بندر السبيعي,القصيم,مدى,تم التسليم,4,480,0,0,480,62.61,417.39,156,20.4,4.8,236.19
103898,2026-08-14,سموذ,رهف العنزي,جدة,Apple Pay,تم التسليم,2,180,0,25,205,26.74,178.26,56,21.28,4.1,96.88
103872,2026-08-13,سموذ,سارة الدوسري,الرياض,مدى,تم التسليم,1,145,0,25,170,22.17,147.83,48,13.6,1.7,84.53
103871,2026-08-13,سموذ,تركي العتيبي,أبها,تمارا,تم التسليم,1,189,0,25,214,27.91,186.09,62,18.72,13.91,91.46
103870,2026-08-13,سموذ,عبير الدوسري,المدينة,مدى,تم التسليم,1,145,0,25,170,22.17,147.83,48,17.85,1.7,80.28
103869,2026-08-13,سموذ,عبدالله الرشيدي,أبها,فيزا,تم التسليم,2,170,0,25,195,25.43,169.57,52,20.4,4.88,92.29
103868,2026-08-13,سموذ,بندر السالم,القصيم,مدى,تم التسليم,4,687,0,0,687,89.61,597.39,227,24.0,6.87,339.52
103867,2026-08-13,سموذ,لمى القحطاني,الرياض,مدى,تم التسليم,1,189,0,25,214,27.91,186.09,62,17.92,2.14,104.03
103866,2026-08-13,سموذ,هند الحربي,الرياض,فيزا,تم التسليم,2,378,38,0,340,44.35,295.65,124,16.0,8.5,147.15
103865,2026-08-13,سموذ,رهف الشمري,تبوك,مدى,تم التسليم,1,145,0,25,170,22.17,147.83,48,18.72,1.7,79.41
103864,2026-08-13,سموذ,عبير المطيري,مكة,فيزا,تم التسليم,1,85,0,25,110,14.35,95.65,26,21.0,2.75,45.9
103863,2026-08-13,سموذ,نايف السبيعي,الدمام,مدى,تم التسليم,2,240,0,25,265,34.57,230.43,82,14.82,2.65,130.96
103862,2026-08-13,سموذ,سارة الجهني,الرياض,Apple Pay,تم التسليم,4,524,0,0,524,68.35,455.65,174,13.6,10.48,257.57
103861,2026-08-13,سموذ,عبير القحطاني,الرياض,تمارا,ملغي,4,568,0,0,568,0,0,0,0,0,0
103860,2026-08-13,سموذ,غادة العتيبي,الرياض,مدى,تم التسليم,1,95,0,25,120,15.65,104.35,30,17.92,1.2,55.23
103859,2026-08-13,سموذ,راكان السبيعي,جدة,مدى,تم التسليم,1,95,0,25,120,15.65,104.35,30,19.0,1.2,54.15
103858,2026-08-13,سموذ,عبدالله السبيعي,القصيم,مدى,تم التسليم,1,189,0,25,214,27.91,186.09,62,26.88,2.14,95.07
103857,2026-08-13,سموذ,جود الحربي,الرياض,تمارا,تم التسليم,3,379,0,0,379,49.43,329.57,122,17.92,24.64,165.01
103835,2026-08-12,سموذ,ريم الدوسري,الرياض,مدى,تم التسليم,6,858,0,0,858,111.91,746.09,280,13.6,8.58,443.91
103834,2026-08-12,سموذ,عبير السالم,مكة,فيزا,تم التسليم,4,668,0,0,668,87.13,580.87,220,23.52,16.7,320.65
103833,2026-08-12,سموذ,سلطان السبيعي,الرياض,الدفع عند الاستلام,تم التسليم,4,390,78,0,312,40.7,271.3,122,12.48,12.0,124.82
103832,2026-08-12,سموذ,أمل المالكي,الدمام,مدى,تم التسليم,1,85,0,25,110,14.35,95.65,26,14.82,1.1,53.73
103831,2026-08-12,سموذ,ماجد الحربي,جدة,تمارا,تم التسليم,3,404,0,0,404,52.7,351.3,133,16.15,26.26,175.89
103830,2026-08-12,سموذ,منيرة السالم,تبوك,مدى,تم التسليم,2,190,0,25,215,28.04,186.96,60,20.4,2.15,104.41
103829,2026-08-12,سموذ,جود الجهني,الرياض,مدى,تم التسليم,2,309,0,0,309,40.3,268.7,103,13.6,3.09,149.01
103828,2026-08-12,سموذ,رهف الشمري,أبها,Apple Pay,تم التسليم,4,555,0,0,555,72.39,482.61,185,20.4,11.1,266.11
103827,2026-08-12,سموذ,خالد السبيعي,تبوك,مدى,تم التسليم,1,145,0,25,170,22.17,147.83,48,24.0,1.7,74.13
103826,2026-08-12,سموذ,خالد البقمي,أبها,مدى,تم التسليم,1,145,0,25,170,22.17,147.83,48,20.4,1.7,77.73
103825,2026-08-12,سموذ,منيرة الشهري,الرياض,مدى,تم التسليم,2,265,26,25,264,34.43,229.57,89,13.6,2.64,124.33
103824,2026-08-12,سموذ,لمى الرشيدي,الدمام,تمارا,تم التسليم,1,95,10,25,110,14.35,95.65,30,16.15,7.15,42.35
103823,2026-08-12,سموذ,ماجد القحطاني,الرياض,مدى,تم التسليم,2,195,39,25,181,23.61,157.39,63,12.48,1.81,80.1
103822,2026-08-12,سموذ,ريم السبيعي,الرياض,فيزا,تم التسليم,1,120,0,25,145,18.91,126.09,41,16.0,3.62,65.46
103821,2026-08-12,سموذ,منيرة الرشيدي,جدة,فيزا,تم التسليم,3,375,38,0,337,43.96,293.04,122,14.82,8.43,147.8
103820,2026-08-12,سموذ,ياسر السبيعي,تبوك,الدفع عند الاستلام,تم التسليم,3,285,28,0,257,33.52,223.48,90,24.0,12.0,97.48
103798,2026-08-11,سموذ,تركي المالكي,المدينة,Apple Pay,تم التسليم,2,180,0,25,205,26.74,178.26,56,21.0,4.1,97.16
103797,2026-08-11,سموذ,نورة الدوسري,الرياض,فيزا,تم التسليم,4,410,0,0,410,53.48,356.52,134,16.0,10.25,196.27
103796,2026-08-11,سموذ,منيرة الجهني,الدمام,Apple Pay,تم التسليم,1,75,15,25,85,11.09,73.91,22,16.15,1.7,34.06
103795,2026-08-11,سموذ,نايف الحربي,جدة,تمارا,تم التسليم,7,630,126,0,504,65.74,438.26,197,16.15,32.76,192.35
103794,2026-08-11,سموذ,محمد الدوسري,الدمام,مدى,تم التسليم,2,170,26,25,169,22.04,146.96,52,16.15,1.69,77.12
103793,2026-08-11,سموذ,أمل البقمي,مكة,مدى,تم التسليم,2,150,0,25,175,22.83,152.17,44,17.85,1.75,88.57
103792,2026-08-11,سموذ,سلطان الغامدي,المدينة,الدفع عند الاستلام,تم التسليم,1,145,0,25,170,22.17,147.83,48,17.85,12.0,69.98
103791,2026-08-11,سموذ,محمد السبيعي,الرياض,مدى,تم التسليم,2,205,0,25,230,30.0,200.0,67,16.0,2.3,114.7
103790,2026-08-11,سموذ,ياسر البقمي,أبها,Apple Pay,تم التسليم,1,75,0,25,100,13.04,86.96,22,24.0,2.0,38.96
103789,2026-08-11,سموذ,دانة الغامدي,جدة,تمارا,ملغي,1,75,0,25,100,0,0,0,0,0,0
103788,2026-08-11,سموذ,جود المطيري,مكة,تمارا,تم التسليم,3,305,46,0,259,33.78,225.22,96,16.38,16.84,96.0
103787,2026-08-11,سموذ,هند السبيعي,الخبر,مدى,تم التسليم,1,95,0,25,120,15.65,104.35,30,21.28,1.2,51.87
103763,2026-08-10,سموذ,بندر الدوسري,الرياض,مدى,تم التسليم,4,460,0,0,460,60.0,400.0,152,13.6,4.6,229.8
103762,2026-08-10,سموذ,شهد العتيبي,الرياض,مدى,تم التسليم,2,265,0,0,265,34.57,230.43,89,12.48,2.65,126.3
103761,2026-08-10,سموذ,هند المطيري,جدة,مدى,تم التسليم,3,429,0,0,429,55.96,373.04,140,14.82,4.29,213.93
103760,2026-08-10,سموذ,عبير الرشيدي,الخبر,مدى,تم التسليم,1,75,0,25,100,13.04,86.96,22,14.82,1.0,49.14
103759,2026-08-10,سموذ,دانة العنزي,الرياض,Apple Pay,تم التسليم,1,85,13,25,97,12.65,84.35,26,13.6,1.94,42.81
103758,2026-08-10,سموذ,ريم المطيري,جدة,Apple Pay,تم التسليم,3,245,0,25,270,35.22,234.78,74,19.0,5.4,136.38
103757,2026-08-10,سموذ,لمى الرشيدي,الرياض,فيزا,تم التسليم,1,145,0,25,170,22.17,147.83,48,16.0,4.25,79.58
103756,2026-08-10,سموذ,سارة الحربي,الرياض,مدى,تم التسليم,1,189,0,25,214,27.91,186.09,62,17.92,2.14,104.03
103755,2026-08-10,سموذ,محمد المالكي,المدينة,فيزا,تم التسليم,1,75,0,25,100,13.04,86.96,22,21.0,2.5,41.46
103754,2026-08-10,سموذ,نورة الشمري,جدة,الدفع عند الاستلام,ملغي,1,120,12,25,133,0,0,0,0,0,0
103753,2026-08-10,سموذ,ريم الحربي,الرياض,مدى,تم التسليم,1,189,0,25,214,27.91,186.09,62,17.92,2.14,104.03
103752,2026-08-10,سموذ,ياسر الشمري,الرياض,Apple Pay,تم التسليم,1,120,0,25,145,18.91,126.09,41,17.92,2.9,64.27
103751,2026-08-10,سموذ,شهد العنزي,الخبر,مدى,تم التسليم,2,170,0,25,195,25.43,169.57,52,16.15,1.95,99.47
103750,2026-08-10,سموذ,جود الشهري,أبها,Apple Pay,ملغي,1,75,11,25,89,0,0,0,0,0,0
103749,2026-08-10,سموذ,ريم العتيبي,جدة,فيزا,تم التسليم,3,454,0,0,454,59.22,394.78,151,21.28,11.35,211.15
103748,2026-08-10,سموذ,راكان السبيعي,الرياض,الدفع عند الاستلام,تم التسليم,1,189,28,25,186,24.26,161.74,62,16.0,12.0,71.74
103747,2026-08-10,سموذ,غادة الرشيدي,جدة,مدى,تم التسليم,1,85,0,25,110,14.35,95.65,26,16.15,1.1,52.4
103724,2026-08-09,سموذ,تركي المالكي,الرياض,الدفع عند الاستلام,تم التسليم,3,429,0,0,429,55.96,373.04,140,13.6,12.0,207.44
103723,2026-08-09,سموذ,فهد الشمري,الرياض,تمارا,تم التسليم,2,378,0,0,378,49.3,328.7,124,16.0,24.57,164.13
103722,2026-08-09,سموذ,خالد الزهراني,جدة,Apple Pay,تم التسليم,4,564,0,0,564,73.57,490.43,184,19.0,11.28,276.15
103721,2026-08-09,سموذ,محمد السالم,جدة,الدفع عند الاستلام,ملغي,5,545,54,0,491,0,0,0,0,0,0
103720,2026-08-09,سموذ,ياسر الشمري,الرياض,مدى,تم التسليم,1,145,0,25,170,22.17,147.83,48,16.0,1.7,82.13
103719,2026-08-09,سموذ,نايف العنزي,تبوك,تمارا,تم التسليم,2,170,0,25,195,25.43,169.57,52,18.72,12.68,86.17
103718,2026-08-09,سموذ,ماجد العنزي,الخبر,تمارا,تم التسليم,1,189,38,25,176,22.96,153.04,62,21.28,11.44,58.32
103717,2026-08-09,سموذ,جود الجهني,مكة,تمارا,تم التسليم,1,85,0,25,110,14.35,95.65,26,16.38,7.15,46.12
103716,2026-08-09,سموذ,تركي الجهني,الرياض,مدى,تم التسليم,2,284,0,0,284,37.04,246.96,92,17.92,2.84,134.2
103715,2026-08-09,سموذ,نايف القحطاني,مكة,مدى,تم التسليم,4,405,0,0,405,52.83,352.17,131,21.0,4.05,196.12
103714,2026-08-09,سموذ,عبير الشهري,الرياض,مدى,تم التسليم,1,95,0,25,120,15.65,104.35,30,16.0,1.2,57.15
103713,2026-08-09,سموذ,ياسر الجهني,تبوك,فيزا,تم التسليم,1,145,0,25,170,22.17,147.83,48,24.0,4.25,71.58
103712,2026-08-09,سموذ,محمد الحربي,الرياض,تمارا,ملغي,1,85,8,25,102,0,0,0,0,0,0
103711,2026-08-09,سموذ,بندر العنزي,مكة,مدى,ملغي,1,85,17,25,93,0,0,0,0,0,0
103710,2026-08-09,سموذ,غادة الجهني,الرياض,Apple Pay,تم التسليم,2,150,0,25,175,22.83,152.17,44,13.6,3.5,91.07
103709,2026-08-09,سموذ,خالد الشهري,الرياض,مدى,تم التسليم,1,145,0,25,170,22.17,147.83,48,16.0,1.7,82.13
103708,2026-08-09,سموذ,عبير المالكي,الدمام,Apple Pay,تم التسليم,1,145,0,25,170,22.17,147.83,48,21.28,3.4,75.15
103688,2026-08-08,سموذ,جود الرشيدي,مكة,فيزا,تم التسليم,2,378,0,0,378,49.3,328.7,124,16.38,9.45,178.87
103687,2026-08-08,سموذ,ماجد المالكي,القصيم,فيزا,تم التسليم,1,75,8,25,92,12.0,80.0,22,24.0,2.3,31.7
103686,2026-08-08,سموذ,بندر العنزي,المدينة,مدى,تم التسليم,1,95,10,25,110,14.35,95.65,30,17.85,1.1,46.7
103685,2026-08-08,سموذ,هند السالم,الرياض,Apple Pay,تم التسليم,1,145,0,25,170,22.17,147.83,48,12.48,3.4,83.95
103684,2026-08-08,سموذ,هند العنزي,الرياض,مدى,تم التسليم,1,189,0,25,214,27.91,186.09,62,16.0,2.14,105.95
103683,2026-08-08,سموذ,ماجد السالم,جدة,مدى,تم التسليم,1,189,0,25,214,27.91,186.09,62,19.0,2.14,102.95
103682,2026-08-08,سموذ,دانة الرشيدي,القصيم,الدفع عند الاستلام,تم التسليم,2,290,0,0,290,37.83,252.17,96,24.0,12.0,120.17
103681,2026-08-08,سموذ,نورة القحطاني,جدة,مدى,تم التسليم,2,160,0,25,185,24.13,160.87,48,16.15,1.85,94.87
103680,2026-08-08,سموذ,بندر القحطاني,تبوك,مدى,تم التسليم,3,265,0,0,265,34.57,230.43,82,26.88,2.65,118.9
103679,2026-08-08,سموذ,شهد الشمري,الدمام,الدفع عند الاستلام,تم التسليم,3,290,29,0,261,34.04,226.96,93,19.0,12.0,102.96
103678,2026-08-08,سموذ,سارة القحطاني,الخبر,مدى,تم التسليم,1,120,0,25,145,18.91,126.09,41,21.28,1.45,62.36
103677,2026-08-08,سموذ,منيرة المطيري,الرياض,Apple Pay,تم التسليم,2,215,22,25,218,28.43,189.57,71,17.92,4.36,96.29
103676,2026-08-08,سموذ,بندر المالكي,الدمام,مدى,تم التسليم,5,772,0,0,772,100.7,671.3,253,19.0,7.72,391.58
103675,2026-08-08,سموذ,غادة الحربي,الرياض,Apple Pay,تم التسليم,2,180,0,25,205,26.74,178.26,56,16.0,4.1,102.16
103652,2026-08-07,سموذ,دانة الدوسري,المدينة,Apple Pay,تم التسليم,1,145,14,25,156,20.35,135.65,48,17.85,3.12,66.68
103651,2026-08-07,سموذ,راكان الشهري,تبوك,مدى,تم التسليم,3,325,0,0,325,42.39,282.61,108,24.0,3.25,147.36
103650,2026-08-07,سموذ,عبير العنزي,الرياض,فيزا,تم التسليم,1,95,0,25,120,15.65,104.35,30,17.92,3.0,53.43
103649,2026-08-07,سموذ,أمل العنزي,الرياض,Apple Pay,تم التسليم,1,85,0,25,110,14.35,95.65,26,16.0,2.2,51.45
103648,2026-08-07,سموذ,بندر السبيعي,الرياض,مدى,تم التسليم,2,378,0,0,378,49.3,328.7,124,16.0,3.78,184.92
103647,2026-08-07,سموذ,راكان المطيري,مكة,مدى,تم التسليم,4,460,46,0,414,54.0,360.0,148,17.85,4.14,190.01
103646,2026-08-07,سموذ,نايف الشمري,مكة,الدفع عند الاستلام,تم التسليم,1,75,0,25,100,13.04,86.96,22,17.85,12.0,35.11
103645,2026-08-07,سموذ,شهد الجهني,الرياض,Apple Pay,تم التسليم,3,265,40,25,250,32.61,217.39,82,17.92,5.0,112.47
103644,2026-08-07,سموذ,بندر العتيبي,جدة,مدى,تم التسليم,8,1012,0,0,1012,132.0,880.0,324,19.0,10.12,526.88
103643,2026-08-07,سموذ,رهف السبيعي,جدة,فيزا,تم التسليم,1,120,0,25,145,18.91,126.09,41,19.0,3.62,62.46
103642,2026-08-07,سموذ,دانة المطيري,الرياض,مدى,تم التسليم,1,85,0,25,110,14.35,95.65,26,17.92,1.1,50.63
103641,2026-08-07,سموذ,ريم الحربي,الرياض,مدى,تم التسليم,4,555,0,0,555,72.39,482.61,185,16.0,5.55,276.06
103640,2026-08-07,سموذ,نايف الجهني,الرياض,Apple Pay,ملغي,3,385,0,0,385,0,0,0,0,0,0
103639,2026-08-07,سموذ,راكان الجهني,الخبر,مدى,تم التسليم,1,120,0,25,145,18.91,126.09,41,14.82,1.45,68.82
103638,2026-08-07,سموذ,دانة العتيبي,المدينة,تمارا,تم التسليم,1,95,0,25,120,15.65,104.35,30,23.52,7.8,43.03
103637,2026-08-07,سموذ,هند العنزي,الخبر,تمارا,تم التسليم,1,75,8,25,92,12.0,80.0,22,16.15,5.98,35.87
103636,2026-08-07,سموذ,ياسر السبيعي,جدة,مدى,تم التسليم,2,170,0,25,195,25.43,169.57,52,19.0,1.95,96.62
103608,2026-08-06,سموذ,منيرة السبيعي,المدينة,الدفع عند الاستلام,تم التسليم,2,265,26,25,264,34.43,229.57,89,17.85,12.0,110.72
103607,2026-08-06,سموذ,منيرة المطيري,جدة,مدى,تم التسليم,1,189,0,25,214,27.91,186.09,62,14.82,2.14,107.13
103606,2026-08-06,سموذ,تركي العتيبي,أبها,مدى,تم التسليم,1,145,0,25,170,22.17,147.83,48,26.88,1.7,71.25
103605,2026-08-06,سموذ,دانة الزهراني,الرياض,تمارا,تم التسليم,3,498,0,0,498,64.96,433.04,165,13.6,32.37,222.07
103604,2026-08-06,سموذ,عبدالله الرشيدي,أبها,مدى,تم التسليم,1,75,0,25,100,13.04,86.96,22,24.0,1.0,39.96
103603,2026-08-06,سموذ,خالد القحطاني,الرياض,تمارا,تم التسليم,5,644,0,0,644,84.0,560.0,215,13.6,41.86,289.54
103602,2026-08-06,سموذ,دانة العتيبي,الرياض,مدى,تم التسليم,2,205,0,25,230,30.0,200.0,67,13.6,2.3,117.1
103601,2026-08-06,سموذ,محمد المالكي,الخبر,Apple Pay,تم التسليم,1,189,0,25,214,27.91,186.09,62,21.28,4.28,98.53
103600,2026-08-06,سموذ,راكان الجهني,الدمام,مدى,تم التسليم,3,360,0,0,360,46.96,313.04,119,19.0,3.6,171.44
103599,2026-08-06,سموذ,ماجد الدوسري,المدينة,Apple Pay,تم التسليم,1,75,15,25,85,11.09,73.91,22,21.0,1.7,29.21
103598,2026-08-06,سموذ,غادة المالكي,الرياض,Apple Pay,تم التسليم,3,340,0,0,340,44.35,295.65,111,12.48,6.8,165.37
103597,2026-08-06,سموذ,ريم الجهني,الرياض,الدفع عند الاستلام,تم التسليم,2,378,38,0,340,44.35,295.65,124,13.6,12.0,146.05
103596,2026-08-06,سموذ,عبير المطيري,الدمام,Apple Pay,تم التسليم,3,305,0,0,305,39.78,265.22,96,19.0,6.1,144.12
103595,2026-08-06,سموذ,ياسر الدوسري,الرياض,مدى,تم التسليم,1,85,0,25,110,14.35,95.65,26,12.48,1.1,56.07
103594,2026-08-06,سموذ,غادة الرشيدي,القصيم,الدفع عند الاستلام,تم التسليم,4,564,0,0,564,73.57,490.43,184,26.88,12.0,267.55
103593,2026-08-06,سموذ,شهد الزهراني,الرياض,مدى,تم التسليم,3,325,0,0,325,42.39,282.61,108,13.6,3.25,157.76
103576,2026-08-05,سموذ,غادة القحطاني,الخبر,فيزا,تم التسليم,1,95,0,25,120,15.65,104.35,30,21.28,3.0,50.07
103575,2026-08-05,سموذ,ريم الغامدي,الرياض,مدى,تم التسليم,1,85,0,25,110,14.35,95.65,26,12.48,1.1,56.07
103574,2026-08-05,سموذ,سارة البقمي,الخبر,مدى,تم التسليم,1,75,0,25,100,13.04,86.96,22,19.0,1.0,44.96
103573,2026-08-05,سموذ,هند البقمي,الرياض,مدى,تم التسليم,1,189,19,25,195,25.43,169.57,62,13.6,1.95,92.02
103572,2026-08-05,سموذ,محمد المالكي,الرياض,مدى,تم التسليم,2,240,0,25,265,34.57,230.43,82,13.6,2.65,132.18
103571,2026-08-05,سموذ,جود الشهري,الرياض,مدى,تم التسليم,5,505,0,0,505,65.87,439.13,160,16.0,5.05,258.08
103570,2026-08-05,سموذ,أمل السالم,الرياض,تمارا,تم التسليم,2,230,0,25,255,33.26,221.74,74,13.6,16.57,117.56
103569,2026-08-05,سموذ,رهف المطيري,الدمام,مدى,تم التسليم,1,75,0,25,100,13.04,86.96,22,19.0,1.0,44.96
103568,2026-08-05,سموذ,فهد العتيبي,الرياض,مدى,تم التسليم,2,190,28,25,187,24.39,162.61,60,12.48,1.87,88.26
103567,2026-08-05,سموذ,ريم الدوسري,الدمام,مدى,تم التسليم,1,85,0,25,110,14.35,95.65,26,21.28,1.1,47.27
103566,2026-08-05,سموذ,خالد المطيري,الدمام,تمارا,تم التسليم,1,189,38,25,176,22.96,153.04,62,16.15,11.44,63.45
103565,2026-08-05,سموذ,رهف الجهني,جدة,الدفع عند الاستلام,تم التسليم,2,220,0,25,245,31.96,213.04,70,19.0,12.0,112.04
103564,2026-08-05,سموذ,بندر الحربي,الخبر,فيزا,تم التسليم,1,95,0,25,120,15.65,104.35,30,19.0,3.0,52.35
103563,2026-08-05,سموذ,دانة الحربي,القصيم,مدى,تم التسليم,1,189,0,25,214,27.91,186.09,62,24.0,2.14,97.95
103562,2026-08-05,سموذ,فهد العتيبي,الرياض,مدى,تم التسليم,2,190,0,25,215,28.04,186.96,60,13.6,2.15,111.21
103543,2026-08-04,سموذ,محمد الشمري,الدمام,Apple Pay,تم التسليم,1,145,0,25,170,22.17,147.83,48,16.15,3.4,80.28
103542,2026-08-04,سموذ,نايف الزهراني,تبوك,مدى,تم التسليم,2,240,0,25,265,34.57,230.43,78,20.4,2.65,129.38
103541,2026-08-04,سموذ,نايف المالكي,الرياض,الدفع عند الاستلام,تم التسليم,1,75,0,25,100,13.04,86.96,22,13.6,12.0,39.36
103540,2026-08-04,سموذ,منيرة السبيعي,مكة,Apple Pay,تم التسليم,3,315,63,0,252,32.87,219.13,100,17.85,5.04,96.24
103539,2026-08-04,سموذ,تركي الجهني,الرياض,الدفع عند الاستلام,تم التسليم,1,145,0,25,170,22.17,147.83,48,16.0,12.0,71.83
103538,2026-08-04,سموذ,منيرة السالم,الرياض,Apple Pay,تم التسليم,1,95,0,25,120,15.65,104.35,30,13.6,2.4,58.35
103537,2026-08-04,سموذ,جود الجهني,الخبر,تمارا,تم التسليم,1,95,0,25,120,15.65,104.35,30,16.15,7.8,50.4
103536,2026-08-04,سموذ,رهف الزهراني,جدة,تمارا,تم التسليم,3,360,0,0,360,46.96,313.04,123,16.15,23.4,150.49
103535,2026-08-04,سموذ,منيرة العتيبي,الرياض,مدى,تم التسليم,2,284,0,0,284,37.04,246.96,92,16.0,2.84,136.12
103534,2026-08-04,سموذ,رهف الرشيدي,القصيم,فيزا,تم التسليم,1,75,0,25,100,13.04,86.96,22,24.0,2.5,38.46
103533,2026-08-04,سموذ,تركي الزهراني,جدة,تمارا,تم التسليم,1,120,0,25,145,18.91,126.09,41,16.15,9.43,59.51
103532,2026-08-04,سموذ,شهد الجهني,الرياض,فيزا,تم التسليم,3,419,0,0,419,54.65,364.35,136,13.6,10.48,204.27
103531,2026-08-04,سموذ,راكان المطيري,الرياض,فيزا,تم التسليم,3,335,0,0,335,43.7,291.3,112,16.0,8.38,154.93
103530,2026-08-04,سموذ,محمد القحطاني,الرياض,مدى,تم التسليم,5,668,0,0,668,87.13,580.87,217,13.6,6.68,343.59
103509,2026-08-03,سموذ,لمى السبيعي,المدينة,Apple Pay,تم التسليم,1,189,0,25,214,27.91,186.09,62,17.85,4.28,101.96
103508,2026-08-03,سموذ,منيرة الرشيدي,الخبر,Apple Pay,تم التسليم,1,120,12,25,133,17.35,115.65,41,21.28,2.66,50.71
103507,2026-08-03,سموذ,سلطان العتيبي,الرياض,مدى,تم التسليم,2,195,20,25,200,26.09,173.91,63,16.0,2.0,92.91
103506,2026-08-03,سموذ,خالد العنزي,الرياض,تمارا,تم التسليم,1,145,0,25,170,22.17,147.83,48,17.92,11.05,70.86
103505,2026-08-03,سموذ,عبدالله السالم,جدة,مدى,تم التسليم,1,145,14,25,156,20.35,135.65,48,19.0,1.56,67.09
103504,2026-08-03,سموذ,غادة البقمي,مكة,مدى,تم التسليم,2,150,0,25,175,22.83,152.17,44,21.0,1.75,85.42
103503,2026-08-03,سموذ,محمد الزهراني,الخبر,Apple Pay,تم التسليم,1,120,24,25,121,15.78,105.22,41,19.0,2.42,42.8
103502,2026-08-03,سموذ,هند السبيعي,مكة,مدى,تم التسليم,2,240,24,25,241,31.43,209.57,82,21.0,2.41,104.16
103501,2026-08-03,سموذ,بندر المالكي,مكة,مدى,تم التسليم,4,510,0,0,510,66.52,443.48,166,16.38,5.1,256.0
103500,2026-08-03,سموذ,هند الشهري,الخبر,مدى,تم التسليم,2,264,26,25,263,34.3,228.7,84,19.0,2.63,123.07
103499,2026-08-03,سموذ,هند السبيعي,جدة,الدفع عند الاستلام,تم التسليم,2,195,0,25,220,28.7,191.3,63,19.0,12.0,97.3
103478,2026-08-02,سموذ,ريم البقمي,القصيم,فيزا,تم التسليم,2,274,41,25,258,33.65,224.35,88,24.0,6.45,105.9
103477,2026-08-02,سموذ,غادة الدوسري,القصيم,Apple Pay,تم التسليم,5,648,0,0,648,84.52,563.48,209,18.72,12.96,322.8
103476,2026-08-02,سموذ,ريم العنزي,جدة,مدى,تم التسليم,3,235,0,25,260,33.91,226.09,70,16.15,2.6,137.34
103475,2026-08-02,سموذ,سلطان الرشيدي,الرياض,Apple Pay,تم التسليم,1,75,0,25,100,13.04,86.96,22,16.0,2.0,46.96
103474,2026-08-02,سموذ,محمد الشهري,مكة,فيزا,تم التسليم,1,189,0,25,214,27.91,186.09,62,21.0,5.35,97.74
103473,2026-08-02,سموذ,عبدالله الشهري,الخبر,مدى,تم التسليم,1,75,0,25,100,13.04,86.96,22,19.0,1.0,44.96
103472,2026-08-02,سموذ,شهد الحربي,الرياض,تمارا,تم التسليم,1,95,10,25,110,14.35,95.65,30,16.0,7.15,42.5
103471,2026-08-02,سموذ,تركي المالكي,الدمام,تمارا,تم التسليم,4,668,0,0,668,87.13,580.87,220,14.82,43.42,302.63
103470,2026-08-02,سموذ,جود الشهري,أبها,فيزا,تم التسليم,1,145,0,25,170,22.17,147.83,48,24.0,4.25,71.58
103469,2026-08-02,سموذ,عبدالله الشهري,الخبر,مدى,تم التسليم,3,454,0,0,454,59.22,394.78,151,19.0,4.54,220.24
103468,2026-08-02,سموذ,ريم الجهني,الدمام,مدى,تم التسليم,2,170,0,25,195,25.43,169.57,52,19.0,1.95,96.62
103467,2026-08-02,سموذ,رهف السبيعي,تبوك,تمارا,ملغي,3,567,0,0,567,0,0,0,0,0,0
103466,2026-08-02,سموذ,هند المطيري,المدينة,الدفع عند الاستلام,تم التسليم,4,548,0,0,548,71.48,476.52,176,17.85,12.0,270.67
103465,2026-08-02,سموذ,شهد الشمري,الدمام,Apple Pay,تم التسليم,3,255,0,0,255,33.26,221.74,78,21.28,5.1,117.36
103464,2026-08-02,سموذ,عبير الدوسري,مكة,Apple Pay,تم التسليم,2,284,57,25,252,32.87,219.13,92,21.0,5.04,101.09
103463,2026-08-02,سموذ,جود الجهني,أبها,تمارا,تم التسليم,2,215,0,25,240,31.3,208.7,71,26.88,15.6,95.22
103442,2026-08-01,سموذ,فهد الرشيدي,جدة,فيزا,تم التسليم,3,365,36,0,329,42.91,286.09,118,16.15,8.22,143.71
103441,2026-08-01,سموذ,ماجد السبيعي,الدمام,تمارا,تم التسليم,1,75,0,25,100,13.04,86.96,22,16.15,6.5,42.31
103440,2026-08-01,سموذ,فهد الغامدي,أبها,Apple Pay,تم التسليم,1,145,0,25,170,22.17,147.83,48,24.0,3.4,72.43
103439,2026-08-01,سموذ,دانة العتيبي,الرياض,مدى,تم التسليم,2,170,0,25,195,25.43,169.57,52,16.0,1.95,99.62
103438,2026-08-01,سموذ,سلطان العتيبي,جدة,مدى,تم التسليم,1,145,0,25,170,22.17,147.83,48,19.0,1.7,79.13
103437,2026-08-01,سموذ,سارة الغامدي,جدة,مدى,تم التسليم,2,284,0,0,284,37.04,246.96,92,16.15,2.84,135.97
103436,2026-08-01,سموذ,محمد الغامدي,مكة,Apple Pay,تم التسليم,2,274,0,0,274,35.74,238.26,88,23.52,5.48,121.26
103435,2026-08-01,سموذ,دانة المالكي,الرياض,فيزا,تم التسليم,1,145,0,25,170,22.17,147.83,48,12.48,4.25,83.1
103434,2026-08-01,سموذ,سارة العتيبي,الرياض,تمارا,تم التسليم,4,435,0,0,435,56.74,378.26,145,12.48,28.28,192.51
103433,2026-08-01,سموذ,غادة الزهراني,الدمام,تمارا,تم التسليم,1,85,0,25,110,14.35,95.65,26,14.82,7.15,47.68
103432,2026-08-01,سموذ,ماجد القحطاني,أبها,مدى,تم التسليم,1,120,0,25,145,18.91,126.09,41,24.0,1.45,59.64
103431,2026-08-01,سموذ,دانة الدوسري,الرياض,الدفع عند الاستلام,تم التسليم,4,505,0,0,505,65.87,439.13,167,13.6,12.0,246.53
103430,2026-08-01,سموذ,سارة السالم,مكة,مدى,تم التسليم,4,385,58,0,327,42.65,284.35,123,21.0,3.27,137.08
103429,2026-08-01,سموذ,عبدالله الرشيدي,الرياض,مدى,تم التسليم,1,189,19,25,195,25.43,169.57,62,12.48,1.95,93.14
103428,2026-08-01,سموذ,تركي السبيعي,القصيم,مدى,تم التسليم,2,264,0,0,264,34.43,229.57,84,24.0,2.64,118.93
103427,2026-08-01,سموذ,بندر السبيعي,القصيم,مدى,تم التسليم,2,284,57,25,252,32.87,219.13,92,26.88,2.52,97.73
103426,2026-08-01,سموذ,راكان الزهراني,أبها,Apple Pay,تم التسليم,1,120,0,25,145,18.91,126.09,41,26.88,2.9,55.31
