العميل,المتجر,المدينة,الشريحة,عدد الطلبات,إجمالي الإنفاق,آخر طلب,أيام من آخر طلب
أمل المالكي,سموذ,جدة,مخلصون,3,1652.0,2026-08-29,42
ريم الدوسري,سموذ,الرياض,مخلصون,3,1578.0,2026-10-05,5
تركي المالكي,سموذ,الدمام,مخلصون,3,1532.0,2026-09-03,37
خالد الجهني,سموذ,القصيم,مخلصون,3,1450.0,2026-09-19,21
فهد الحربي,سموذ,الخبر,مخلصون,3,1424.0,2026-10-10,0
غادة الدوسري,سموذ,القصيم,مخلصون,3,1406.0,2026-10-02,8
جود الرشيدي,سموذ,الرياض,مخلصون,4,1397.0,2026-09-03,37
تركي الشمري,سموذ,جدة,مخلصون,3,1387.0,2026-10-02,8
جود العنزي,سموذ,الخبر,مخلصون,3,1382.0,2026-10-07,3
ريم المطيري,سموذ,أبها,مخلصون,3,1350.0,2026-09-07,33
راكان الشمري,سموذ,جدة,مخلصون,3,1285.0,2026-08-27,44
ماجد الجهني,سموذ,الرياض,مخلصون,3,1261.0,2026-09-30,10
ماجد الزهراني,سموذ,أبها,مخلصون,4,1253.0,2026-09-02,38
نورة البقمي,سموذ,الخبر,مخلصون,3,1224.0,2026-09-21,19
لمى الدوسري,سموذ,الدمام,مخلصون,3,1212.0,2026-10-02,8
سارة القحطاني,سموذ,الخبر,مخلصون,3,1204.0,2026-08-14,57
عبدالله العتيبي,سموذ,الرياض,مخلصون,5,1171.0,2026-08-18,53
عبير السالم,سموذ,مكة,مخلصون,4,1153.0,2026-08-12,59
شهد الرشيدي,سموذ,الرياض,مخلصون,3,1148.0,2026-09-21,19
رهف البقمي,سموذ,جدة,مخلصون,3,1138.0,2026-09-16,24
سلطان الشهري,سموذ,الرياض,مخلصون,4,1128.0,2026-08-28,43
بندر السالم,سموذ,القصيم,مخلصون,3,1097.0,2026-09-03,37
سارة الغامدي,سموذ,تبوك,مخلصون,3,1097.0,2026-08-20,51
سارة الجهني,سموذ,الرياض,مخلصون,3,1089.0,2026-10-08,2
شهد السبيعي,سموذ,الدمام,مخلصون,5,1075.0,2026-08-27,44
ماجد السالم,سموذ,أبها,مخلصون,3,1074.0,2026-09-11,29
لمى الغامدي,سموذ,مكة,مخلصون,4,1062.0,2026-08-17,54
سارة العتيبي,سموذ,الرياض,مخلصون,3,1060.0,2026-10-09,1
رهف السالم,سموذ,الرياض,مخلصون,3,1060.0,2026-08-27,44
راكان الزهراني,سموذ,الرياض,مخلصون,3,1050.0,2026-10-05,5
نورة الرشيدي,سموذ,مكة,مخلصون,3,1035.0,2026-08-29,42
رهف القحطاني,سموذ,أبها,مخلصون,5,1021.0,2026-08-17,54
عبدالله الرشيدي,سموذ,جدة,مخلصون,3,1017.0,2026-10-06,4
تركي الشهري,سموذ,الرياض,مخلصون,3,1007.0,2026-10-10,0
بندر السبيعي,سموذ,القصيم,مخلصون,3,1006.0,2026-08-14,57
جود العتيبي,سموذ,جدة,مخلصون,6,978.0,2026-09-03,37
عبير الزهراني,سموذ,القصيم,مخلصون,3,967.0,2026-09-01,39
سلطان الجهني,سموذ,جدة,مخلصون,3,957.0,2026-08-15,56
ماجد المطيري,سموذ,جدة,مخلصون,3,949.0,2026-10-02,8
دانة السبيعي,سموذ,مكة,مخلصون,3,948.0,2026-09-22,18
جود الشهري,سموذ,أبها,مخلصون,4,938.0,2026-08-28,43
بندر الشهري,سموذ,أبها,مخلصون,3,924.0,2026-08-27,44
ماجد العنزي,سموذ,الخبر,مخلصون,3,919.0,2026-09-04,36
رهف الشمري,سموذ,جدة,مخلصون,3,914.0,2026-09-15,25
محمد الجهني,سموذ,الرياض,مخلصون,5,906.0,2026-08-24,47
هند الحربي,سموذ,الرياض,مخلصون,4,905.0,2026-08-13,58
فهد المطيري,سموذ,جدة,مخلصون,3,904.0,2026-09-12,28
شهد العنزي,سموذ,الدمام,مخلصون,3,895.0,2026-08-26,45
خالد البقمي,سموذ,الرياض,مخلصون,3,894.0,2026-09-18,22
عبير المطيري,سموذ,الدمام,مخلصون,4,881.0,2026-08-23,48
خالد العنزي,سموذ,الرياض,مخلصون,3,878.0,2026-08-15,56
رهف السالم,سموذ,أبها,مخلصون,3,861.0,2026-09-03,37
أمل المطيري,سموذ,الدمام,مخلصون,3,832.0,2026-09-12,28
محمد المطيري,سموذ,مكة,مخلصون,3,822.0,2026-08-14,57
جود البقمي,سموذ,أبها,مخلصون,3,813.0,2026-09-01,39
شهد الجهني,سموذ,الرياض,مخلصون,3,805.0,2026-09-30,10
محمد المالكي,سموذ,الخبر,مخلصون,3,804.0,2026-10-02,8
عبير المطيري,سموذ,جدة,مخلصون,4,795.0,2026-08-30,41
ريم العنزي,سموذ,جدة,مخلصون,3,795.0,2026-08-24,47
سارة الجهني,سموذ,الدمام,مخلصون,5,789.0,2026-08-25,46
لمى الغامدي,سموذ,تبوك,مخلصون,4,781.0,2026-09-06,34
نايف الجهني,سموذ,مكة,مخلصون,3,779.0,2026-09-17,23
عبير المالكي,سموذ,الرياض,مخلصون,3,759.0,2026-08-31,40
ريم الرشيدي,قلوريز,الرياض,مخلصون,3,755.0,2026-09-03,37
شهد الجهني,قلوريز,الرياض,مخلصون,4,753.0,2026-09-09,31
ماجد السالم,سموذ,الدمام,مخلصون,3,740.0,2026-09-16,24
راكان العنزي,سموذ,الخبر,مخلصون,3,736.0,2026-09-11,29
دانة المطيري,قلوريز,جدة,مخلصون,3,731.0,2026-09-30,10
غادة العنزي,سموذ,الدمام,مخلصون,3,730.0,2026-10-09,1
دانة الشهري,قلوريز,جدة,مخلصون,3,729.0,2026-09-02,38
دانة الشهري,سموذ,الرياض,مخلصون,3,725.0,2026-08-20,51
أمل الجهني,قلوريز,الرياض,مخلصون,3,712.0,2026-09-11,29
بندر الشهري,قلوريز,الرياض,مخلصون,3,699.0,2026-10-01,9
راكان السبيعي,سموذ,الرياض,مخلصون,3,699.0,2026-08-23,48
نورة القحطاني,قلوريز,جدة,مخلصون,4,697.0,2026-09-07,33
دانة المالكي,سموذ,مكة,مخلصون,3,694.0,2026-09-22,18
راكان المالكي,قلوريز,الدمام,مخلصون,3,689.0,2026-08-20,51
نايف الشمري,سموذ,جدة,مخلصون,3,688.0,2026-09-17,23
لمى المالكي,سموذ,جدة,مخلصون,3,681.0,2026-09-05,35
غادة السالم,قلوريز,المدينة,مخلصون,5,678.0,2026-08-28,43
جود الشهري,سموذ,جدة,مخلصون,3,671.0,2026-09-27,13
خالد السبيعي,قلوريز,جدة,مخلصون,3,670.0,2026-08-29,42
جود الزهراني,سموذ,المدينة,مخلصون,3,669.0,2026-08-28,43
نورة العنزي,سموذ,مكة,مخلصون,3,665.0,2026-09-24,16
تركي العتيبي,سموذ,أبها,مخلصون,4,664.0,2026-08-13,58
دانة الشهري,قلوريز,الرياض,مخلصون,4,663.0,2026-08-23,48
نورة المطيري,قلوريز,الرياض,مخلصون,5,652.0,2026-09-04,36
ريم الحربي,قلوريز,القصيم,مخلصون,3,641.0,2026-08-12,59
محمد العنزي,قلوريز,الرياض,مخلصون,3,639.0,2026-08-31,40
بندر العتيبي,قلوريز,مكة,مخلصون,3,637.0,2026-09-28,12
غادة المالكي,قلوريز,القصيم,مخلصون,3,637.0,2026-09-12,28
ماجد الرشيدي,قلوريز,أبها,مخلصون,3,636.0,2026-09-28,12
جود الشهري,سموذ,جدة,مخلصون,3,633.0,2026-08-19,52
خالد القحطاني,قلوريز,القصيم,مخلصون,3,632.0,2026-09-20,20
أمل السالم,سموذ,جدة,مخلصون,3,623.0,2026-10-04,6
رهف الرشيدي,قلوريز,تبوك,مخلصون,7,620.0,2026-08-21,50
رهف المطيري,قلوريز,الرياض,مخلصون,4,618.0,2026-09-01,39
تركي الشمري,قلوريز,جدة,مخلصون,3,618.0,2026-08-15,56
لمى الدوسري,سموذ,الرياض,مخلصون,3,613.0,2026-10-09,1
سارة الشمري,سموذ,جدة,مخلصون,3,606.0,2026-09-11,29
ماجد البقمي,سموذ,الرياض,مخلصون,3,605.0,2026-09-30,10
فهد المالكي,سموذ,مكة,مخلصون,3,605.0,2026-09-17,23
ياسر السالم,سموذ,الرياض,مخلصون,3,605.0,2026-09-01,39
جود البقمي,قلوريز,الرياض,مخلصون,3,597.0,2026-09-24,16
عبدالله المالكي,سموذ,تبوك,مخلصون,3,595.0,2026-09-28,12
دانة المطيري,سموذ,مكة,مخلصون,3,595.0,2026-09-16,24
سارة السبيعي,سموذ,الدمام,مخلصون,3,594.0,2026-08-31,40
نايف الحربي,قلوريز,أبها,مخلصون,4,590.0,2026-09-03,37
جود البقمي,سموذ,مكة,مخلصون,3,590.0,2026-08-14,57
ياسر الجهني,قلوريز,القصيم,مخلصون,4,588.0,2026-09-05,35
راكان الحربي,قلوريز,الرياض,مخلصون,3,582.0,2026-09-25,15
بندر السالم,قلوريز,المدينة,مخلصون,3,582.0,2026-08-24,47
سارة الشهري,سموذ,الخبر,مخلصون,3,580.0,2026-10-01,9
سارة الحربي,قلوريز,مكة,مخلصون,3,573.0,2026-09-21,19
تركي الشهري,قلوريز,المدينة,مخلصون,3,564.0,2026-09-07,33
دانة البقمي,قلوريز,الرياض,مخلصون,3,563.0,2026-09-23,17
ريم القحطاني,قلوريز,أبها,مخلصون,4,559.0,2026-08-21,50
جود الدوسري,قلوريز,الرياض,مخلصون,3,558.0,2026-08-28,43
ياسر الدوسري,سموذ,الرياض,مخلصون,3,555.0,2026-08-20,51
شهد العتيبي,قلوريز,الرياض,مخلصون,3,554.0,2026-09-27,13
سارة الحربي,سموذ,تبوك,مخلصون,4,549.0,2026-08-23,48
سلطان الشمري,سموذ,الدمام,مخلصون,3,548.0,2026-09-22,18
ريم الغامدي,قلوريز,الرياض,مخلصون,3,546.0,2026-10-04,6
أمل الدوسري,سموذ,مكة,مخلصون,3,539.0,2026-10-04,6
شهد المطيري,قلوريز,الرياض,مخلصون,3,532.0,2026-09-24,16
دانة الغامدي,قلوريز,مكة,مخلصون,3,531.0,2026-09-16,24
عبير العنزي,قلوريز,الدمام,مخلصون,3,531.0,2026-09-05,35
منيرة السبيعي,قلوريز,الرياض,مخلصون,3,524.0,2026-09-27,13
جود السالم,قلوريز,الرياض,مخلصون,5,522.0,2026-09-06,34
نورة المالكي,قلوريز,القصيم,مخلصون,3,512.0,2026-10-09,1
عبير السالم,قلوريز,مكة,مخلصون,3,511.0,2026-09-05,35
لمى العتيبي,سموذ,القصيم,مخلصون,3,510.0,2026-09-20,20
منيرة الجهني,سموذ,الرياض,مخلصون,3,504.0,2026-09-18,22
فهد الزهراني,قلوريز,جدة,مخلصون,3,502.0,2026-10-07,3
عبير الجهني,قلوريز,الرياض,مخلصون,3,498.0,2026-10-04,6
دانة الغامدي,قلوريز,الدمام,مخلصون,4,498.0,2026-08-22,49
رهف المالكي,قلوريز,الرياض,مخلصون,3,495.0,2026-09-20,20
جود القحطاني,سموذ,مكة,مخلصون,3,485.0,2026-08-26,45
لمى العنزي,سموذ,جدة,مخلصون,3,481.0,2026-09-20,20
ماجد القحطاني,سموذ,جدة,مخلصون,3,468.0,2026-10-09,1
بندر الغامدي,قلوريز,الرياض,مخلصون,3,462.0,2026-09-06,34
نورة السالم,قلوريز,الخبر,مخلصون,3,459.0,2026-09-11,29
غادة السبيعي,قلوريز,الرياض,مخلصون,3,459.0,2026-08-11,60
نورة المطيري,قلوريز,الرياض,مخلصون,3,458.0,2026-10-07,3
لمى السالم,قلوريز,الدمام,مخلصون,3,458.0,2026-08-23,48
جود البقمي,سموذ,الدمام,مخلصون,3,452.0,2026-09-18,22
جود الغامدي,قلوريز,المدينة,مخلصون,3,448.0,2026-09-24,16
جود العتيبي,قلوريز,القصيم,مخلصون,3,443.0,2026-08-31,40
رهف الرشيدي,قلوريز,الرياض,مخلصون,4,441.0,2026-09-03,37
محمد السالم,قلوريز,الرياض,مخلصون,3,440.0,2026-09-29,11
رهف الجهني,قلوريز,المدينة,مخلصون,3,436.0,2026-08-13,58
ريم القحطاني,سموذ,الدمام,مخلصون,3,435.0,2026-10-04,6
عبير المالكي,قلوريز,الرياض,مخلصون,3,432.0,2026-09-06,34
فهد الزهراني,قلوريز,تبوك,مخلصون,4,431.0,2026-08-11,60
عبدالله الرشيدي,قلوريز,الدمام,مخلصون,3,426.0,2026-09-12,28
دانة العتيبي,قلوريز,الدمام,مخلصون,3,423.0,2026-10-08,2
سلطان الدوسري,قلوريز,جدة,مخلصون,3,423.0,2026-09-08,32
منيرة الشهري,قلوريز,الرياض,مخلصون,3,422.0,2026-09-23,17
محمد السالم,قلوريز,جدة,مخلصون,3,411.0,2026-08-30,41
ماجد القحطاني,قلوريز,جدة,مخلصون,3,410.0,2026-08-17,54
ريم الدوسري,قلوريز,القصيم,مخلصون,3,408.0,2026-09-07,33
منيرة الشهري,قلوريز,مكة,مخلصون,3,405.0,2026-08-29,42
راكان المالكي,قلوريز,المدينة,مخلصون,3,404.0,2026-09-30,10
دانة العنزي,قلوريز,مكة,مخلصون,3,398.0,2026-09-18,22
ريم العنزي,قلوريز,الرياض,مخلصون,3,397.0,2026-09-04,36
خالد القحطاني,قلوريز,المدينة,مخلصون,3,392.0,2026-08-23,48
هند الغامدي,قلوريز,القصيم,مخلصون,3,386.0,2026-09-22,18
نايف المطيري,قلوريز,الرياض,مخلصون,4,386.0,2026-09-07,33
أمل الغامدي,سموذ,مكة,مخلصون,3,384.0,2026-10-08,2
فهد القحطاني,قلوريز,الدمام,مخلصون,3,384.0,2026-08-29,42
نورة العنزي,قلوريز,الدمام,مخلصون,3,375.0,2026-09-17,23
ماجد العنزي,قلوريز,المدينة,مخلصون,3,374.0,2026-08-17,54
سارة البقمي,قلوريز,جدة,مخلصون,4,373.0,2026-08-17,54
جود الغامدي,قلوريز,الرياض,مخلصون,3,372.0,2026-08-21,50
بندر السالم,قلوريز,الرياض,مخلصون,3,371.0,2026-08-20,51
راكان الغامدي,قلوريز,الخبر,مخلصون,3,371.0,2026-08-19,52
ماجد المطيري,قلوريز,الرياض,مخلصون,3,371.0,2026-08-11,60
تركي السبيعي,قلوريز,الرياض,مخلصون,4,368.0,2026-08-27,44
ماجد الشمري,قلوريز,الرياض,مخلصون,4,365.0,2026-09-09,31
دانة السبيعي,قلوريز,الرياض,مخلصون,3,362.0,2026-10-08,2
لمى الشهري,سموذ,الرياض,مخلصون,3,355.0,2026-10-10,0
عبير العتيبي,قلوريز,جدة,مخلصون,3,355.0,2026-09-29,11
بندر الشمري,قلوريز,أبها,مخلصون,3,355.0,2026-09-23,17
خالد المطيري,قلوريز,الرياض,مخلصون,3,352.0,2026-09-19,21
أمل العتيبي,قلوريز,جدة,مخلصون,3,348.0,2026-10-08,2
خالد الشهري,قلوريز,جدة,مخلصون,3,348.0,2026-08-13,58
لمى المطيري,قلوريز,القصيم,مخلصون,3,345.0,2026-09-09,31
محمد الزهراني,قلوريز,الخبر,مخلصون,3,344.0,2026-10-09,1
هند العنزي,سموذ,الخبر,مخلصون,3,343.0,2026-08-20,51
نورة العتيبي,قلوريز,الرياض,مخلصون,3,340.0,2026-10-05,5
محمد المالكي,قلوريز,الرياض,مخلصون,3,330.0,2026-08-30,41
محمد الزهراني,قلوريز,الدمام,مخلصون,3,329.0,2026-10-01,9
هند القحطاني,قلوريز,الرياض,مخلصون,3,328.0,2026-08-20,51
نايف الدوسري,قلوريز,المدينة,مخلصون,3,326.0,2026-09-14,26
سلطان المالكي,سموذ,مكة,مخلصون,3,326.0,2026-08-23,48
لمى الحربي,قلوريز,الدمام,مخلصون,3,313.0,2026-09-28,12
أمل الحربي,قلوريز,الدمام,مخلصون,3,310.0,2026-09-21,19
تركي الشهري,قلوريز,المدينة,مخلصون,3,305.0,2026-10-03,7
سلطان الشمري,قلوريز,الدمام,مخلصون,3,295.0,2026-09-18,22
لمى الشمري,قلوريز,الرياض,مخلصون,3,290.0,2026-09-25,15
سلطان الدوسري,قلوريز,جدة,مخلصون,3,289.0,2026-08-11,60
تركي الجهني,قلوريز,الرياض,مخلصون,3,288.0,2026-09-10,30
غادة القحطاني,قلوريز,الرياض,مخلصون,3,286.0,2026-10-02,8
ريم القحطاني,قلوريز,مكة,مخلصون,3,286.0,2026-09-27,13
بندر المالكي,قلوريز,الرياض,مخلصون,3,283.0,2026-10-09,1
نورة السبيعي,قلوريز,الرياض,مخلصون,3,282.0,2026-09-25,15
عبير المالكي,قلوريز,الرياض,مخلصون,3,282.0,2026-09-16,24
عبدالله العتيبي,قلوريز,الدمام,مخلصون,3,273.0,2026-09-10,30
لمى المالكي,قلوريز,الرياض,مخلصون,3,272.0,2026-08-20,51
خالد العنزي,قلوريز,الخبر,مخلصون,3,267.0,2026-08-31,40
ريم السالم,قلوريز,الدمام,مخلصون,3,264.0,2026-09-03,37
جود الرشيدي,قلوريز,الرياض,مخلصون,3,259.0,2026-08-16,55
عبدالله العتيبي,قلوريز,الرياض,مخلصون,3,258.0,2026-09-27,13
خالد السالم,قلوريز,جدة,مخلصون,3,252.0,2026-08-26,45
راكان العتيبي,قلوريز,أبها,مخلصون,3,248.0,2026-09-04,36
منيرة العتيبي,قلوريز,جدة,مخلصون,3,242.0,2026-08-22,49
غادة الدوسري,قلوريز,جدة,مخلصون,3,220.0,2026-09-26,14
سارة الدوسري,قلوريز,مكة,مخلصون,3,213.0,2026-08-31,40
نورة الزهراني,قلوريز,جدة,مخلصون,3,206.0,2026-09-25,15
هند الشمري,قلوريز,مكة,مخلصون,3,200.0,2026-09-06,34
ياسر الشهري,قلوريز,المدينة,مخلصون,3,189.0,2026-09-12,28
